"stem_id","plotCode","focalOrBenchmark","landCover","vegClass","subplot","ind","ind_id","stratum","species","dbh_cm","ba_m2"
1,"PlotOff10","f","Stratum-Off-W2-1","W2","2",2,"PlotOff10_2","Stems 2.5-10 cm DBH","Cupressus sempervirens",3.3,8.55298599939821e-4
2,"PlotOff11","f","Stratum-Off-W2-1","W2","1",1,"PlotOff11_1","Stems 2.5-10 cm DBH","Pinus brutia",2.9,6.60519855417254e-4
3,"PlotOff11","f","Stratum-Off-W2-1","W2","2",2,"PlotOff11_2","Stems 2.5-10 cm DBH","Pinus brutia",2.7,5.725552611167399e-4
56,"PlotOff11","f","Stratum-Off-W2-1","W2","1",1,"PlotOff11_1","Stems 2.5-10 cm DBH","Pinus brutia",3,7.068583470577034e-4
5,"PlotOff12","f","Stratum-Off-W2-1","W2","2",2,"PlotOff12_2","Stems 2.5-10 cm DBH","Cupressus sempervirens",2.5,4.908738521234052e-4
6,"PlotOff12","f","Stratum-Off-W2-1","W2","3",3,"PlotOff12_3","Stems 2.5-10 cm DBH","Cupressus sempervirens",2.8,6.157521601035993e-4
59,"PlotOff12","f","Stratum-Off-W2-1","W2","3",3,"PlotOff12_3","Stems 2.5-10 cm DBH","Cupressus sempervirens",2.9,6.60519855417254e-4
86,"PlotOff12","f","Stratum-Off-W2-1","W2","2",2,"PlotOff12_2","Stems 2.5-10 cm DBH","Cupressus sempervirens",2.7,5.725552611167399e-4
87,"PlotOff12","f","Stratum-Off-W2-1","W2","3",3,"PlotOff12_3","Stems 2.5-10 cm DBH","Cupressus sempervirens",3.7,0.0010752100856911068
57,"PlotOff12","f","Stratum-Off-W2-1","W2","1",1,"PlotOff12_1","Stems 2.5-10 cm DBH","Cupressus sempervirens",3.4,9.0792027688745e-4
58,"PlotOff12","f","Stratum-Off-W2-1","W2","2",2,"PlotOff12_2","Stems 2.5-10 cm DBH","Cupressus sempervirens",4.3,0.0014522012041218817
103,"PlotOff12","f","Stratum-Off-W2-1","W2","3",3,"PlotOff12_3","Stems 2.5-10 cm DBH","Cupressus sempervirens",2.7,5.725552611167399e-4
4,"PlotOff12","f","Stratum-Off-W2-1","W2","1",1,"PlotOff12_1","Stems 2.5-10 cm DBH","Cupressus sempervirens",4.2,0.0013854423602330987
85,"PlotOff12","f","Stratum-Off-W2-1","W2","1",1,"PlotOff12_1","Stems 2.5-10 cm DBH","Cupressus sempervirens",2.7,5.725552611167399e-4
98,"PlotOff12","f","Stratum-Off-W2-1","W2","3",3,"PlotOff12_3","Stems 2.5-10 cm DBH","Cupressus sempervirens",2.9,6.60519855417254e-4
7,"PlotOff13","f","Stratum-Off-W11-3","W11","3",3,"PlotOff13_3","Stems 2.5-10 cm DBH","Juniperus oxycedrus",3.5,9.621127501618741e-4
60,"PlotOff13","f","Stratum-Off-W11-3","W11","3",3,"PlotOff13_3","Stems 2.5-10 cm DBH","Juniperus oxycedrus",6.3,0.003117245310524472
8,"PlotOff14","f","Stratum-Off-W11-3","W11","3",3,"PlotOff14_3","Stems 2.5-10 cm DBH","Pinus nigra",2.9,6.60519855417254e-4
11,"PlotOff15","f","Stratum-Off-W11-3","W11","2",3,"PlotOff15_3","Stems 2.5-10 cm DBH","Sorbus domestica",2.5,4.908738521234052e-4
10,"PlotOff15","f","Stratum-Off-W11-3","W11","2",2,"PlotOff15_2","Stems 2.5-10 cm DBH","Pinus nigra",2.9,6.60519855417254e-4
9,"PlotOff15","f","Stratum-Off-W11-3","W11","1",1,"PlotOff15_1","Stems 2.5-10 cm DBH","Pinus nigra",2.8,6.157521601035993e-4
88,"PlotOff16","f","Stratum-Off-W11-3","W11","3",3,"PlotOff16_3","Stems 2.5-10 cm DBH","Juniperus oxycedrus",6.1,0.0029224665660019045
61,"PlotOff16","f","Stratum-Off-W11-3","W11","3",3,"PlotOff16_3","Stems 2.5-10 cm DBH","Juniperus oxycedrus",5.4,0.0022902210444669595
104,"PlotOff16","f","Stratum-Off-W11-3","W11","3",3,"PlotOff16_3","Stems 2.5-10 cm DBH","Juniperus oxycedrus",3.9,0.0011945906065275187
99,"PlotOff16","f","Stratum-Off-W11-3","W11","3",3,"PlotOff16_3","Stems 2.5-10 cm DBH","Juniperus oxycedrus",3,7.068583470577034e-4
12,"PlotOff16","f","Stratum-Off-W11-3","W11","3",3,"PlotOff16_3","Stems 2.5-10 cm DBH","Juniperus oxycedrus",3.7,0.0010752100856911068
63,"PlotOff17","f","Stratum-Off-W11-3","W11","3",3,"PlotOff17_3","Stems 2.5-10 cm DBH","Quercus petrea",7.6,0.004536459791783661
62,"PlotOff17","f","Stratum-Off-W11-3","W11","1",1,"PlotOff17_1","Stems 2.5-10 cm DBH","Quercus petrea",4.5,0.0015904312808798326
14,"PlotOff17","f","Stratum-Off-W11-3","W11","2",2,"PlotOff17_2","Stems 2.5-10 cm DBH","Quercus petrea",2.6,5.30929158456675e-4
15,"PlotOff17","f","Stratum-Off-W11-3","W11","3",3,"PlotOff17_3","Stems 2.5-10 cm DBH","Quercus petrea",3.2,8.042477193189871e-4
89,"PlotOff17","f","Stratum-Off-W11-3","W11","3",3,"PlotOff17_3","Stems 2.5-10 cm DBH","Quercus petrea",4.6,0.0016619025137490002
13,"PlotOff17","f","Stratum-Off-W11-3","W11","1",1,"PlotOff17_1","Stems 2.5-10 cm DBH","Quercus petrea",4.3,0.0014522012041218817
16,"PlotOff2","f","Stratum-Off-W2-3","W2","1",1,"PlotOff2_1","Stems 2.5-10 cm DBH","Pinus brutia",2.9,6.60519855417254e-4
19,"PlotOff2","f","Stratum-Off-W2-3","W2","3",4,"PlotOff2_4","Stems 2.5-10 cm DBH","Cupressus sempervirens",3.6,0.001017876019763093
18,"PlotOff2","f","Stratum-Off-W2-3","W2","2",3,"PlotOff2_3","Stems 2.5-10 cm DBH","Cupressus sempervirens",2.7,5.725552611167399e-4
17,"PlotOff2","f","Stratum-Off-W2-3","W2","1",2,"PlotOff2_2","Stems 2.5-10 cm DBH","Cupressus sempervirens",3.1,7.547676350249479e-4
64,"PlotOff2","f","Stratum-Off-W2-3","W2","3",4,"PlotOff2_4","Stems 2.5-10 cm DBH","Cupressus sempervirens",3.6,0.001017876019763093
21,"PlotOff20","f","Stratum-Off-W11-3","W11","2",2,"PlotOff20_2","Stems 2.5-10 cm DBH","Juniperus oxycedrus",4,0.0012566370614359172
65,"PlotOff20","f","Stratum-Off-W11-3","W11","2",2,"PlotOff20_2","Stems 2.5-10 cm DBH","Juniperus oxycedrus",4.2,0.0013854423602330987
20,"PlotOff20","f","Stratum-Off-W11-3","W11","1",1,"PlotOff20_1","Stems 2.5-10 cm DBH","Juniperus oxycedrus",5.9,0.0027339710067865175
68,"PlotOff23","f","Stratum-Off-W11-3","W11","3",3,"PlotOff23_3","Stems 2.5-10 cm DBH","Pinus nigra",2.7,5.725552611167399e-4
67,"PlotOff23","f","Stratum-Off-W11-3","W11","2",2,"PlotOff23_2","Stems 2.5-10 cm DBH","Pinus nigra",2.6,5.30929158456675e-4
23,"PlotOff23","f","Stratum-Off-W11-3","W11","2",2,"PlotOff23_2","Stems 2.5-10 cm DBH","Pinus nigra",2.6,5.30929158456675e-4
22,"PlotOff23","f","Stratum-Off-W11-3","W11","1",1,"PlotOff23_1","Stems 2.5-10 cm DBH","Pinus nigra",2.6,5.30929158456675e-4
24,"PlotOff23","f","Stratum-Off-W11-3","W11","3",3,"PlotOff23_3","Stems 2.5-10 cm DBH","Pinus nigra",3.2,8.042477193189871e-4
66,"PlotOff23","f","Stratum-Off-W11-3","W11","1",1,"PlotOff23_1","Stems 2.5-10 cm DBH","Pinus nigra",2.5,4.908738521234052e-4
90,"PlotOff23","f","Stratum-Off-W11-3","W11","2",2,"PlotOff23_2","Stems 2.5-10 cm DBH","Pinus nigra",2.7,5.725552611167399e-4
25,"PlotOff24","f","Stratum-Off-W11-3","W11","2",2,"PlotOff24_2","Stems 2.5-10 cm DBH","Quercus petrea",4,0.0012566370614359172
69,"PlotOff24","f","Stratum-Off-W11-3","W11","2",2,"PlotOff24_2","Stems 2.5-10 cm DBH","Quercus petrea",5.8,0.002642079421669016
28,"PlotOff3","f","Stratum-Off-W2-3","W2","3",3,"PlotOff3_3","Stems 2.5-10 cm DBH","Pinus brutia",3.4,9.0792027688745e-4
71,"PlotOff3","f","Stratum-Off-W2-3","W2","3",3,"PlotOff3_3","Stems 2.5-10 cm DBH","Pinus brutia",2.8,6.157521601035993e-4
27,"PlotOff3","f","Stratum-Off-W2-3","W2","2",2,"PlotOff3_2","Stems 2.5-10 cm DBH","Pinus brutia",2.8,6.157521601035993e-4
100,"PlotOff3","f","Stratum-Off-W2-3","W2","3",3,"PlotOff3_3","Stems 2.5-10 cm DBH","Pinus brutia",2.7,5.725552611167399e-4
70,"PlotOff3","f","Stratum-Off-W2-3","W2","1",1,"PlotOff3_1","Stems 2.5-10 cm DBH","Pinus brutia",3.3,8.55298599939821e-4
91,"PlotOff3","f","Stratum-Off-W2-3","W2","3",3,"PlotOff3_3","Stems 2.5-10 cm DBH","Pinus brutia",2.9,6.60519855417254e-4
26,"PlotOff3","f","Stratum-Off-W2-3","W2","1",1,"PlotOff3_1","Stems 2.5-10 cm DBH","Pinus brutia",2.8,6.157521601035993e-4
29,"PlotOff35","f","Stratum-Off-W2-4","W2","2",2,"PlotOff35_2","Stems 2.5-10 cm DBH","Quercus petrea",7.2,0.004071504079052372
93,"PlotOff35","f","Stratum-Off-W2-4","W2","3",3,"PlotOff35_3","Stems 2.5-10 cm DBH","Quercus petrea",5.3,0.002206183440983432
92,"PlotOff35","f","Stratum-Off-W2-4","W2","2",2,"PlotOff35_2","Stems 2.5-10 cm DBH","Quercus petrea",4,0.0012566370614359172
30,"PlotOff35","f","Stratum-Off-W2-4","W2","3",3,"PlotOff35_3","Stems 2.5-10 cm DBH","Quercus petrea",6,0.0028274333882308137
73,"PlotOff35","f","Stratum-Off-W2-4","W2","3",3,"PlotOff35_3","Stems 2.5-10 cm DBH","Quercus petrea",3.7,0.0010752100856911068
72,"PlotOff35","f","Stratum-Off-W2-4","W2","2",2,"PlotOff35_2","Stems 2.5-10 cm DBH","Quercus petrea",4.6,0.0016619025137490002
31,"PlotOff36","f","Stratum-Off-W2-4","W2","1",1,"PlotOff36_1","Stems 2.5-10 cm DBH","Quercus petrea",5.2,0.0021237166338267
32,"PlotOff37","f","Stratum-Off-W11-4","W11","1",1,"PlotOff37_1","Stems 2.5-10 cm DBH","Pinus nigra",2.7,5.725552611167399e-4
75,"PlotOff37","f","Stratum-Off-W11-4","W11","3",3,"PlotOff37_3","Stems 2.5-10 cm DBH","Pinus nigra",2.5,4.908738521234052e-4
74,"PlotOff37","f","Stratum-Off-W11-4","W11","1",1,"PlotOff37_1","Stems 2.5-10 cm DBH","Pinus nigra",2.5,4.908738521234052e-4
33,"PlotOff37","f","Stratum-Off-W11-4","W11","3",3,"PlotOff37_3","Stems 2.5-10 cm DBH","Pinus nigra",2.7,5.725552611167399e-4
94,"PlotOff38","f","Stratum-Off-W11-4","W11","2",2,"PlotOff38_2","Stems 2.5-10 cm DBH","Juniperus oxycedrus",3.2,8.042477193189871e-4
76,"PlotOff38","f","Stratum-Off-W11-4","W11","2",2,"PlotOff38_2","Stems 2.5-10 cm DBH","Juniperus oxycedrus",2.9,6.60519855417254e-4
36,"PlotOff38","f","Stratum-Off-W11-4","W11","3",3,"PlotOff38_3","Stems 2.5-10 cm DBH","Juniperus oxycedrus",3,7.068583470577034e-4
34,"PlotOff38","f","Stratum-Off-W11-4","W11","1",1,"PlotOff38_1","Stems 2.5-10 cm DBH","Juniperus oxycedrus",5.1,0.002042820622996763
35,"PlotOff38","f","Stratum-Off-W11-4","W11","2",2,"PlotOff38_2","Stems 2.5-10 cm DBH","Juniperus oxycedrus",4.8,0.001809557368467721
37,"PlotOff42","f","Stratum-Off-W11-4","W11","1",1,"PlotOff42_1","Stems 2.5-10 cm DBH","Pinus nigra",5.8,0.002642079421669016
77,"PlotOff42","f","Stratum-Off-W11-4","W11","1",1,"PlotOff42_1","Stems 2.5-10 cm DBH","Pinus nigra",8.1,0.005152997350050658
38,"PlotOff48","f","Stratum-Off-W11-4","W11","1",1,"PlotOff48_1","Stems 2.5-10 cm DBH","Pinus nigra",2.7,5.725552611167399e-4
40,"PlotOff5","f","Stratum-Off-W2-1","W2","3",3,"PlotOff5_3","Stems 2.5-10 cm DBH","Pinus brutia",2.5,4.908738521234052e-4
39,"PlotOff5","f","Stratum-Off-W2-1","W2","2",2,"PlotOff5_2","Stems 2.5-10 cm DBH","Pinus brutia",3.3,8.55298599939821e-4
41,"PlotOff53","f","Stratum-Off-W11-1","W11","1",1,"PlotOff53_1","Stems 2.5-10 cm DBH","Pyrus spinosa",4.5,0.0015904312808798326
42,"PlotOff53","f","Stratum-Off-W11-1","W11","2",2,"PlotOff53_2","Stems 2.5-10 cm DBH","Pyrus spinosa",8.2,0.005281017250684442
79,"PlotOff53","f","Stratum-Off-W11-1","W11","2",8,"PlotOff53_8","Stems >=10 cm DBH","Pyrus spinosa",10.5,0.008659014751456867
101,"PlotOff53","f","Stratum-Off-W11-1","W11","1",1,"PlotOff53_1","Stems >=10 cm DBH","Pyrus spinosa",11.1,0.00967689077121996
43,"PlotOff53","f","Stratum-Off-W11-1","W11","2",8,"PlotOff53_8","Stems >=10 cm DBH","Pyrus spinosa",10.4,0.0084948665353068
78,"PlotOff53","f","Stratum-Off-W11-1","W11","1",1,"PlotOff53_1","Stems >=10 cm DBH","Pyrus spinosa",10.1,0.008011846664817369
105,"PlotOff53","f","Stratum-Off-W11-1","W11","1",1,"PlotOff53_1","Stems >=10 cm DBH","Pyrus spinosa",11.3,0.010028749148422018
95,"PlotOff53","f","Stratum-Off-W11-1","W11","1",1,"PlotOff53_1","Stems 2.5-10 cm DBH","Pyrus spinosa",8.9,0.006221138852271189
44,"PlotOff54","f","Stratum-Off-W11-1","W11","1",1,"PlotOff54_1","Stems 2.5-10 cm DBH","Pyrus spinosa",3,7.068583470577034e-4
45,"PlotOff55","f","Stratum-Off-W11-1","W11","3",3,"PlotOff55_3","Stems 2.5-10 cm DBH","Pyrus spinosa",2.6,5.30929158456675e-4
81,"PlotOff56","f","Stratum-Off-W11-1","W11","2",3,"PlotOff56_3","Stems 2.5-10 cm DBH","Robinia pseudacacia",3,7.068583470577034e-4
80,"PlotOff56","f","Stratum-Off-W11-1","W11","1",1,"PlotOff56_1","Stems 2.5-10 cm DBH","Robinia pseudacacia",2.6,5.30929158456675e-4
50,"PlotOff56","f","Stratum-Off-W11-1","W11","3",5,"PlotOff56_5","Stems 2.5-10 cm DBH","Robinia pseudacacia",2.7,5.725552611167399e-4
96,"PlotOff56","f","Stratum-Off-W11-1","W11","2",3,"PlotOff56_3","Stems 2.5-10 cm DBH","Robinia pseudacacia",2.6,5.30929158456675e-4
97,"PlotOff56","f","Stratum-Off-W11-1","W11","3",5,"PlotOff56_5","Stems 2.5-10 cm DBH","Robinia pseudacacia",3.9,0.0011945906065275187
49,"PlotOff56","f","Stratum-Off-W11-1","W11","2",4,"PlotOff56_4","Stems 2.5-10 cm DBH","Pyrus spinosa",3,7.068583470577034e-4
46,"PlotOff56","f","Stratum-Off-W11-1","W11","1",1,"PlotOff56_1","Stems 2.5-10 cm DBH","Robinia pseudacacia",2.9,6.60519855417254e-4
82,"PlotOff56","f","Stratum-Off-W11-1","W11","3",5,"PlotOff56_5","Stems 2.5-10 cm DBH","Robinia pseudacacia",3.5,9.621127501618741e-4
48,"PlotOff56","f","Stratum-Off-W11-1","W11","2",3,"PlotOff56_3","Stems 2.5-10 cm DBH","Robinia pseudacacia",2.6,5.30929158456675e-4
102,"PlotOff56","f","Stratum-Off-W11-1","W11","2",3,"PlotOff56_3","Stems 2.5-10 cm DBH","Robinia pseudacacia",2.5,4.908738521234052e-4
47,"PlotOff56","f","Stratum-Off-W11-1","W11","1",2,"PlotOff56_2","Stems 2.5-10 cm DBH","Pyrus spinosa",2.6,5.30929158456675e-4
51,"PlotOff58","f","Stratum-Off-W11-1","W11","1",1,"PlotOff58_1","Stems 2.5-10 cm DBH","Pyrus spinosa",3.1,7.547676350249479e-4
52,"PlotOff68","f","Stratum-Off-W11-2","W11","3",9,"PlotOff68_9","Stems >=10 cm DBH","Quercus pubescens",18.9,0.028055207794720247
54,"PlotOff7","f","Stratum-Off-W2-1","W2","3",3,"PlotOff7_3","Stems 2.5-10 cm DBH","Pinus brutia",3.4,9.0792027688745e-4
84,"PlotOff7","f","Stratum-Off-W2-1","W2","3",3,"PlotOff7_3","Stems 2.5-10 cm DBH","Pinus brutia",3.2,8.042477193189871e-4
83,"PlotOff7","f","Stratum-Off-W2-1","W2","2",2,"PlotOff7_2","Stems 2.5-10 cm DBH","Pinus brutia",2.5,4.908738521234052e-4
53,"PlotOff7","f","Stratum-Off-W2-1","W2","2",2,"PlotOff7_2","Stems 2.5-10 cm DBH","Pinus brutia",3.2,8.042477193189871e-4
55,"PlotOff9","f","Stratum-Off-W2-1","W2","3",3,"PlotOff9_3","Stems 2.5-10 cm DBH","Pinus brutia",2.7,5.725552611167399e-4
1,"PlotBm109","b","W11","W11","1",1,"PlotBm109_1","Stems >=10 cm DBH","Quercus petraea",12,0.011309733552923255
2,"PlotBm109","b","W11","W11","1",2,"PlotBm109_2","Stems >=10 cm DBH","Quercus petraea",10,0.007853981633974483
3,"PlotBm109","b","W11","W11","1",3,"PlotBm109_3","Stems >=10 cm DBH","Quercus petraea",17,0.022698006922186254
4,"PlotBm109","b","W11","W11","1",4,"PlotBm109_4","Stems >=10 cm DBH","Quercus petraea",15,0.017671458676442587
5,"PlotBm109","b","W11","W11","1",5,"PlotBm109_5","Stems >=10 cm DBH","Quercus petraea",19,0.02835287369864788
6,"PlotBm109","b","W11","W11","1",6,"PlotBm109_6","Stems >=10 cm DBH","Quercus petraea",22,0.0380132711084365
7,"PlotBm109","b","W11","W11","1",7,"PlotBm109_7","Stems >=10 cm DBH","Quercus petraea",15,0.017671458676442587
8,"PlotBm109","b","W11","W11","1",7,"PlotBm109_7","Stems >=10 cm DBH","Quercus petraea",11,0.009503317777109124
9,"PlotBm109","b","W11","W11","1",8,"PlotBm109_8","Stems >=10 cm DBH","Quercus petraea",25,0.04908738521234052
10,"PlotBm109","b","W11","W11","1",9,"PlotBm109_9","Stems >=10 cm DBH","Quercus petraea",32,0.0804247719318987
11,"PlotBm109","b","W11","W11","2",10,"PlotBm109_10","Stems >=10 cm DBH","Quercus petraea",21,0.03463605900582747
12,"PlotBm109","b","W11","W11","2",11,"PlotBm109_11","Stems >=10 cm DBH","Quercus petraea",16,0.020106192982974676
13,"PlotBm109","b","W11","W11","2",12,"PlotBm109_12","Stems >=10 cm DBH","Quercus petraea",14,0.015393804002589986
14,"PlotBm109","b","W11","W11","2",13,"PlotBm109_13","Stems 2.5-10 cm DBH","Quercus petraea",9,0.0063617251235193305
15,"PlotBm109","b","W11","W11","2",13,"PlotBm109_13","Stems >=10 cm DBH","Quercus petraea",17,0.022698006922186254
16,"PlotBm109","b","W11","W11","2",14,"PlotBm109_14","Stems >=10 cm DBH","Quercus petraea",19,0.02835287369864788
17,"PlotBm109","b","W11","W11","2",15,"PlotBm109_15","Stems >=10 cm DBH","Quercus petraea",11,0.009503317777109124
18,"PlotBm109","b","W11","W11","2",16,"PlotBm109_16","Stems >=10 cm DBH","Quercus petraea",32,0.0804247719318987
19,"PlotBm109","b","W11","W11","2",17,"PlotBm109_17","Stems >=10 cm DBH","Quercus petraea",33,0.08552985999398212
20,"PlotBm109","b","W11","W11","2",18,"PlotBm109_18","Stems >=10 cm DBH","Quercus petraea",37,0.10752100856911068
21,"PlotBm109","b","W11","W11","2",19,"PlotBm109_19","Stems >=10 cm DBH","Quercus petraea",28,0.061575216010359944
22,"PlotBm109","b","W11","W11","2",20,"PlotBm109_20","Stems >=10 cm DBH","Quercus petraea",28,0.061575216010359944
23,"PlotBm109","b","W11","W11","3",21,"PlotBm109_21","Stems >=10 cm DBH","Quercus petraea",11,0.009503317777109124
24,"PlotBm109","b","W11","W11","3",21,"PlotBm109_21","Stems >=10 cm DBH","Quercus petraea",19,0.02835287369864788
25,"PlotBm109","b","W11","W11","3",22,"PlotBm109_22","Stems >=10 cm DBH","Quercus petraea",21,0.03463605900582747
26,"PlotBm109","b","W11","W11","3",23,"PlotBm109_23","Stems >=10 cm DBH","Quercus petraea",19,0.02835287369864788
27,"PlotBm109","b","W11","W11","3",24,"PlotBm109_24","Stems >=10 cm DBH","Quercus petraea",21,0.03463605900582747
28,"PlotBm109","b","W11","W11","3",25,"PlotBm109_25","Stems >=10 cm DBH","Quercus petraea",33,0.08552985999398212
29,"PlotBm109","b","W11","W11","3",26,"PlotBm109_26","Stems >=10 cm DBH","Quercus petraea",42,0.13854423602330987
30,"PlotBm110","b","W11","W11","1",1,"PlotBm110_1","Stems >=10 cm DBH","Quercus pubescens",30,0.07068583470577035
31,"PlotBm110","b","W11","W11","1",2,"PlotBm110_2","Stems >=10 cm DBH","Carpinus orientalis",15,0.017671458676442587
32,"PlotBm110","b","W11","W11","2",3,"PlotBm110_3","Stems >=10 cm DBH","Carpinus orientalis",21,0.03463605900582747
33,"PlotBm110","b","W11","W11","2",4,"PlotBm110_4","Stems >=10 cm DBH","Quercus pubescens",23,0.04154756284372501
34,"PlotBm110","b","W11","W11","2",5,"PlotBm110_5","Stems >=10 cm DBH","Quercus pubescens",28,0.061575216010359944
35,"PlotBm110","b","W11","W11","2",6,"PlotBm110_6","Stems 2.5-10 cm DBH","Carpinus orientalis",7,0.0038484510006474965
36,"PlotBm110","b","W11","W11","2",7,"PlotBm110_7","Stems >=10 cm DBH","Quercus pubescens",46,0.16619025137490004
37,"PlotBm110","b","W11","W11","2",8,"PlotBm110_8","Stems >=10 cm DBH","Carpinus orientalis",17,0.022698006922186254
38,"PlotBm110","b","W11","W11","3",9,"PlotBm110_9","Stems >=10 cm DBH","Quercus pubescens",28,0.061575216010359944
39,"PlotBm110","b","W11","W11","3",10,"PlotBm110_10","Stems >=10 cm DBH","Quercus pubescens",35,0.09621127501618741
40,"PlotBm110","b","W11","W11","3",11,"PlotBm110_11","Stems >=10 cm DBH","Carpinus orientalis",18,0.025446900494077322
41,"PlotBm110","b","W11","W11","3",12,"PlotBm110_12","Stems >=10 cm DBH","Quercus pubescens",28,0.061575216010359944
42,"PlotBm110","b","W11","W11","3",13,"PlotBm110_13","Stems >=10 cm DBH","Quercus pubescens",42,0.13854423602330987
43,"PlotBm110","b","W11","W11","3",14,"PlotBm110_14","Stems >=10 cm DBH","Quercus pubescens",17,0.022698006922186254
44,"PlotBm111","b","W11","W11","1",1,"PlotBm111_1","Stems >=10 cm DBH","Carpinus orientalis",17,0.022698006922186254
45,"PlotBm111","b","W11","W11","1",2,"PlotBm111_2","Stems >=10 cm DBH","Carpinus orientalis",13,0.013273228961416876
46,"PlotBm111","b","W11","W11","1",3,"PlotBm111_3","Stems 2.5-10 cm DBH","Carpinus orientalis",8,0.005026548245743669
47,"PlotBm111","b","W11","W11","1",4,"PlotBm111_4","Stems >=10 cm DBH","Quercus pubescens",29,0.0660519855417254
48,"PlotBm111","b","W11","W11","2",5,"PlotBm111_5","Stems >=10 cm DBH","Quercus pubescens",30,0.07068583470577035
49,"PlotBm111","b","W11","W11","2",6,"PlotBm111_6","Stems >=10 cm DBH","Quercus pubescens",32,0.0804247719318987
50,"PlotBm111","b","W11","W11","2",7,"PlotBm111_7","Stems >=10 cm DBH","Carpinus orientalis",12,0.011309733552923255
51,"PlotBm111","b","W11","W11","2",8,"PlotBm111_8","Stems >=10 cm DBH","Carpinus orientalis",17,0.022698006922186254
52,"PlotBm111","b","W11","W11","2",9,"PlotBm111_9","Stems >=10 cm DBH","Quercus pubescens",22,0.0380132711084365
53,"PlotBm111","b","W11","W11","3",10,"PlotBm111_10","Stems >=10 cm DBH","Quercus pubescens",16,0.020106192982974676
54,"PlotBm111","b","W11","W11","3",11,"PlotBm111_11","Stems >=10 cm DBH","Quercus pubescens",24,0.04523893421169302
55,"PlotBm111","b","W11","W11","3",12,"PlotBm111_12","Stems >=10 cm DBH","Quercus pubescens",28,0.061575216010359944
56,"PlotBm111","b","W11","W11","3",13,"PlotBm111_13","Stems >=10 cm DBH","Quercus pubescens",19,0.02835287369864788
57,"PlotBm111","b","W11","W11","3",14,"PlotBm111_14","Stems >=10 cm DBH","Quercus pubescens",37,0.10752100856911068
58,"PlotBm111","b","W11","W11","3",15,"PlotBm111_15","Stems >=10 cm DBH","Carpinus orientalis",10,0.007853981633974483
59,"PlotBm112","b","W11","W11","1",1,"PlotBm112_1","Stems >=10 cm DBH","Quercus petraea",20,0.031415926535897934
60,"PlotBm112","b","W11","W11","1",2,"PlotBm112_2","Stems >=10 cm DBH","Quercus petraea",22,0.0380132711084365
61,"PlotBm112","b","W11","W11","1",3,"PlotBm112_3","Stems >=10 cm DBH","Quercus petraea",28,0.061575216010359944
62,"PlotBm112","b","W11","W11","1",4,"PlotBm112_4","Stems >=10 cm DBH","Quercus petraea",20,0.031415926535897934
63,"PlotBm112","b","W11","W11","1",5,"PlotBm112_5","Stems >=10 cm DBH","Quercus petraea",19,0.02835287369864788
64,"PlotBm112","b","W11","W11","1",6,"PlotBm112_6","Stems >=10 cm DBH","Quercus petraea",19,0.02835287369864788
65,"PlotBm112","b","W11","W11","1",7,"PlotBm112_7","Stems >=10 cm DBH","Quercus petraea",18,0.025446900494077322
66,"PlotBm112","b","W11","W11","1",8,"PlotBm112_8","Stems >=10 cm DBH","Quercus petraea",17,0.022698006922186254
67,"PlotBm112","b","W11","W11","1",9,"PlotBm112_9","Stems >=10 cm DBH","Quercus petraea",23,0.04154756284372501
68,"PlotBm112","b","W11","W11","1",10,"PlotBm112_10","Stems >=10 cm DBH","Quercus petraea",10,0.007853981633974483
69,"PlotBm112","b","W11","W11","1",11,"PlotBm112_11","Stems >=10 cm DBH","Quercus petraea",14,0.015393804002589986
70,"PlotBm112","b","W11","W11","1",12,"PlotBm112_12","Stems 2.5-10 cm DBH","Quercus petraea",8,0.005026548245743669
71,"PlotBm112","b","W11","W11","2",13,"PlotBm112_13","Stems >=10 cm DBH","Quercus petraea",17,0.022698006922186254
72,"PlotBm112","b","W11","W11","2",14,"PlotBm112_14","Stems >=10 cm DBH","Quercus petraea",14,0.015393804002589986
73,"PlotBm112","b","W11","W11","2",15,"PlotBm112_15","Stems >=10 cm DBH","Quercus petraea",13,0.013273228961416876
74,"PlotBm112","b","W11","W11","2",16,"PlotBm112_16","Stems >=10 cm DBH","Quercus petraea",16,0.020106192982974676
75,"PlotBm112","b","W11","W11","2",17,"PlotBm112_17","Stems >=10 cm DBH","Quercus petraea",18,0.025446900494077322
76,"PlotBm112","b","W11","W11","2",18,"PlotBm112_18","Stems >=10 cm DBH","Quercus petraea",13,0.013273228961416876
77,"PlotBm112","b","W11","W11","2",19,"PlotBm112_19","Stems >=10 cm DBH","Quercus petraea",12,0.011309733552923255
78,"PlotBm112","b","W11","W11","2",20,"PlotBm112_20","Stems >=10 cm DBH","Quercus petraea",13,0.013273228961416876
79,"PlotBm112","b","W11","W11","3",21,"PlotBm112_21","Stems >=10 cm DBH","Quercus petraea",13,0.013273228961416876
80,"PlotBm112","b","W11","W11","3",22,"PlotBm112_22","Stems >=10 cm DBH","Quercus petraea",13,0.013273228961416876
81,"PlotBm112","b","W11","W11","3",23,"PlotBm112_23","Stems >=10 cm DBH","Quercus petraea",14,0.015393804002589986
82,"PlotBm112","b","W11","W11","3",24,"PlotBm112_24","Stems >=10 cm DBH","Quercus petraea",12,0.011309733552923255
83,"PlotBm112","b","W11","W11","3",25,"PlotBm112_25","Stems >=10 cm DBH","Quercus petraea",11,0.009503317777109124
84,"PlotBm112","b","W11","W11","3",26,"PlotBm112_26","Stems >=10 cm DBH","Quercus petraea",22,0.0380132711084365
85,"PlotBm112","b","W11","W11","3",27,"PlotBm112_27","Stems >=10 cm DBH","Quercus petraea",22,0.0380132711084365
86,"PlotBm112","b","W11","W11","3",28,"PlotBm112_28","Stems >=10 cm DBH","Quercus petraea",53,0.22061834409834324
87,"PlotBm112","b","W11","W11","3",29,"PlotBm112_29","Stems >=10 cm DBH","Quercus petraea",28,0.061575216010359944
88,"PlotBm112","b","W11","W11","3",30,"PlotBm112_30","Stems >=10 cm DBH","Quercus petraea",14,0.015393804002589986
89,"PlotBm112","b","W11","W11","3",31,"PlotBm112_31","Stems >=10 cm DBH","Quercus petraea",37,0.10752100856911068
90,"PlotBm113","b","W11","W11","1",1,"PlotBm113_1","Stems >=10 cm DBH","Quercus petraea",10,0.007853981633974483
91,"PlotBm113","b","W11","W11","1",2,"PlotBm113_2","Stems >=10 cm DBH","Quercus petraea",20,0.031415926535897934
92,"PlotBm113","b","W11","W11","1",3,"PlotBm113_3","Stems >=10 cm DBH","Quercus petraea",10,0.007853981633974483
93,"PlotBm113","b","W11","W11","1",4,"PlotBm113_4","Stems >=10 cm DBH","Quercus petraea",22,0.0380132711084365
94,"PlotBm113","b","W11","W11","1",5,"PlotBm113_5","Stems >=10 cm DBH","Quercus petraea",21,0.03463605900582747
95,"PlotBm113","b","W11","W11","1",6,"PlotBm113_6","Stems >=10 cm DBH","Quercus petraea",18,0.025446900494077322
96,"PlotBm113","b","W11","W11","1",7,"PlotBm113_7","Stems >=10 cm DBH","Quercus petraea",23,0.04154756284372501
97,"PlotBm113","b","W11","W11","1",8,"PlotBm113_8","Stems >=10 cm DBH","Quercus petraea",14,0.015393804002589986
98,"PlotBm113","b","W11","W11","1",9,"PlotBm113_9","Stems >=10 cm DBH","Quercus petraea",14,0.015393804002589986
99,"PlotBm113","b","W11","W11","1",9,"PlotBm113_9","Stems >=10 cm DBH","Quercus petraea",26,0.053092915845667506
100,"PlotBm113","b","W11","W11","2",10,"PlotBm113_10","Stems >=10 cm DBH","Quercus petraea",11,0.009503317777109124
101,"PlotBm113","b","W11","W11","2",11,"PlotBm113_11","Stems >=10 cm DBH","Quercus petraea",13,0.013273228961416876
102,"PlotBm113","b","W11","W11","2",12,"PlotBm113_12","Stems >=10 cm DBH","Quercus petraea",11,0.009503317777109124
103,"PlotBm113","b","W11","W11","2",13,"PlotBm113_13","Stems >=10 cm DBH","Quercus petraea",19,0.02835287369864788
104,"PlotBm113","b","W11","W11","2",13,"PlotBm113_13","Stems >=10 cm DBH","Quercus petraea",22,0.0380132711084365
105,"PlotBm113","b","W11","W11","2",13,"PlotBm113_13","Stems >=10 cm DBH","Quercus petraea",23,0.04154756284372501
106,"PlotBm113","b","W11","W11","2",14,"PlotBm113_14","Stems >=10 cm DBH","Quercus petraea",29,0.0660519855417254
107,"PlotBm113","b","W11","W11","2",15,"PlotBm113_15","Stems >=10 cm DBH","Quercus petraea",14,0.015393804002589986
108,"PlotBm113","b","W11","W11","2",16,"PlotBm113_16","Stems >=10 cm DBH","Quercus petraea",21,0.03463605900582747
109,"PlotBm113","b","W11","W11","2",17,"PlotBm113_17","Stems >=10 cm DBH","Quercus petraea",25,0.04908738521234052
110,"PlotBm113","b","W11","W11","2",18,"PlotBm113_18","Stems >=10 cm DBH","Quercus petraea",27,0.05725552611167398
111,"PlotBm113","b","W11","W11","3",19,"PlotBm113_19","Stems >=10 cm DBH","Quercus petraea",13,0.013273228961416876
112,"PlotBm113","b","W11","W11","3",20,"PlotBm113_20","Stems >=10 cm DBH","Quercus petraea",24,0.04523893421169302
113,"PlotBm113","b","W11","W11","3",21,"PlotBm113_21","Stems >=10 cm DBH","Quercus petraea",26,0.053092915845667506
114,"PlotBm113","b","W11","W11","3",22,"PlotBm113_22","Stems >=10 cm DBH","Quercus petraea",39,0.11945906065275187
115,"PlotBm113","b","W11","W11","3",23,"PlotBm113_23","Stems >=10 cm DBH","Quercus petraea",16,0.020106192982974676
116,"PlotBm113","b","W11","W11","3",24,"PlotBm113_24","Stems >=10 cm DBH","Quercus petraea",11,0.009503317777109124
117,"PlotBm113","b","W11","W11","3",25,"PlotBm113_25","Stems >=10 cm DBH","Quercus petraea",18,0.025446900494077322
118,"PlotBm113","b","W11","W11","3",25,"PlotBm113_25","Stems >=10 cm DBH","Quercus petraea",21,0.03463605900582747
119,"PlotBm113","b","W11","W11","3",25,"PlotBm113_25","Stems >=10 cm DBH","Quercus petraea",13,0.013273228961416876
120,"PlotBm113","b","W11","W11","3",26,"PlotBm113_26","Stems >=10 cm DBH","Quercus petraea",11,0.009503317777109124
121,"PlotBm113","b","W11","W11","3",27,"PlotBm113_27","Stems >=10 cm DBH","Quercus petraea",11,0.009503317777109124
122,"PlotBm114","b","W11","W11","1",1,"PlotBm114_1","Stems >=10 cm DBH","Quercus petraea",16,0.020106192982974676
123,"PlotBm114","b","W11","W11","1",2,"PlotBm114_2","Stems >=10 cm DBH","Quercus petraea",17,0.022698006922186254
124,"PlotBm114","b","W11","W11","1",3,"PlotBm114_3","Stems >=10 cm DBH","Quercus petraea",21,0.03463605900582747
125,"PlotBm114","b","W11","W11","1",4,"PlotBm114_4","Stems >=10 cm DBH","Quercus petraea",18,0.025446900494077322
126,"PlotBm114","b","W11","W11","1",5,"PlotBm114_5","Stems >=10 cm DBH","Quercus petraea",14,0.015393804002589986
127,"PlotBm114","b","W11","W11","1",6,"PlotBm114_6","Stems >=10 cm DBH","Quercus petraea",37,0.10752100856911068
128,"PlotBm114","b","W11","W11","2",7,"PlotBm114_7","Stems >=10 cm DBH","Quercus petraea",15,0.017671458676442587
129,"PlotBm114","b","W11","W11","2",8,"PlotBm114_8","Stems >=10 cm DBH","Quercus petraea",32,0.0804247719318987
130,"PlotBm114","b","W11","W11","2",9,"PlotBm114_9","Stems >=10 cm DBH","Quercus petraea",17,0.022698006922186254
131,"PlotBm114","b","W11","W11","2",10,"PlotBm114_10","Stems >=10 cm DBH","Quercus petraea",19,0.02835287369864788
132,"PlotBm114","b","W11","W11","2",11,"PlotBm114_11","Stems >=10 cm DBH","Quercus petraea",12,0.011309733552923255
133,"PlotBm114","b","W11","W11","2",12,"PlotBm114_12","Stems >=10 cm DBH","Quercus petraea",15,0.017671458676442587
134,"PlotBm114","b","W11","W11","3",13,"PlotBm114_13","Stems >=10 cm DBH","Quercus petraea",26,0.053092915845667506
135,"PlotBm114","b","W11","W11","3",14,"PlotBm114_14","Stems >=10 cm DBH","Quercus petraea",29,0.0660519855417254
136,"PlotBm114","b","W11","W11","3",15,"PlotBm114_15","Stems >=10 cm DBH","Quercus petraea",16,0.020106192982974676
137,"PlotBm114","b","W11","W11","3",16,"PlotBm114_16","Stems >=10 cm DBH","Quercus petraea",19,0.02835287369864788
138,"PlotBm114","b","W11","W11","3",17,"PlotBm114_17","Stems >=10 cm DBH","Quercus petraea",39,0.11945906065275187
139,"PlotBm114","b","W11","W11","3",18,"PlotBm114_18","Stems >=10 cm DBH","Quercus petraea",19,0.02835287369864788
140,"PlotBm114","b","W11","W11","3",19,"PlotBm114_19","Stems >=10 cm DBH","Quercus petraea",17,0.022698006922186254
141,"PlotBm114","b","W11","W11","3",20,"PlotBm114_20","Stems >=10 cm DBH","Quercus petraea",13,0.013273228961416876
142,"PlotBm115","b","W11","W11","1",1,"PlotBm115_1","Stems >=10 cm DBH","Quercus cerris",19,0.02835287369864788
143,"PlotBm115","b","W11","W11","1",2,"PlotBm115_2","Stems >=10 cm DBH","Quercus cerris",17,0.022698006922186254
144,"PlotBm115","b","W11","W11","1",3,"PlotBm115_3","Stems >=10 cm DBH","Quercus cerris",11,0.009503317777109124
145,"PlotBm115","b","W11","W11","1",4,"PlotBm115_4","Stems >=10 cm DBH","Quercus cerris",10,0.007853981633974483
146,"PlotBm115","b","W11","W11","1",5,"PlotBm115_5","Stems >=10 cm DBH","Quercus cerris",37,0.10752100856911068
147,"PlotBm115","b","W11","W11","2",6,"PlotBm115_6","Stems >=10 cm DBH","Quercus cerris",41,0.13202543126711105
148,"PlotBm115","b","W11","W11","2",7,"PlotBm115_7","Stems >=10 cm DBH","Quercus cerris",26,0.053092915845667506
149,"PlotBm115","b","W11","W11","2",8,"PlotBm115_8","Stems >=10 cm DBH","Quercus cerris",38,0.11341149479459152
150,"PlotBm115","b","W11","W11","2",9,"PlotBm115_9","Stems >=10 cm DBH","Quercus cerris",16,0.020106192982974676
151,"PlotBm115","b","W11","W11","2",10,"PlotBm115_10","Stems >=10 cm DBH","Quercus cerris",39,0.11945906065275187
152,"PlotBm115","b","W11","W11","2",11,"PlotBm115_11","Stems >=10 cm DBH","Quercus cerris",11,0.009503317777109124
153,"PlotBm115","b","W11","W11","2",12,"PlotBm115_12","Stems >=10 cm DBH","Quercus cerris",21,0.03463605900582747
154,"PlotBm115","b","W11","W11","2",13,"PlotBm115_13","Stems 2.5-10 cm DBH","Quercus cerris",8,0.005026548245743669
155,"PlotBm115","b","W11","W11","2",14,"PlotBm115_14","Stems >=10 cm DBH","Quercus cerris",14,0.015393804002589986
156,"PlotBm115","b","W11","W11","2",15,"PlotBm115_15","Stems >=10 cm DBH","Quercus cerris",16,0.020106192982974676
157,"PlotBm115","b","W11","W11","2",16,"PlotBm115_16","Stems >=10 cm DBH","Quercus cerris",15,0.017671458676442587
158,"PlotBm115","b","W11","W11","2",17,"PlotBm115_17","Stems >=10 cm DBH","Quercus cerris",11,0.009503317777109124
159,"PlotBm115","b","W11","W11","3",18,"PlotBm115_18","Stems >=10 cm DBH","Quercus cerris",16,0.020106192982974676
160,"PlotBm115","b","W11","W11","3",19,"PlotBm115_19","Stems >=10 cm DBH","Quercus cerris",19,0.02835287369864788
161,"PlotBm115","b","W11","W11","3",20,"PlotBm115_20","Stems >=10 cm DBH","Quercus cerris",24,0.04523893421169302
162,"PlotBm115","b","W11","W11","3",21,"PlotBm115_21","Stems >=10 cm DBH","Quercus cerris",25,0.04908738521234052
163,"PlotBm115","b","W11","W11","3",22,"PlotBm115_22","Stems >=10 cm DBH","Quercus cerris",13,0.013273228961416876
164,"PlotBm116","b","W11","W11","1",1,"PlotBm116_1","Stems >=10 cm DBH","Quercus frainetto",17,0.022698006922186254
165,"PlotBm116","b","W11","W11","1",2,"PlotBm116_2","Stems >=10 cm DBH","Quercus frainetto",19,0.02835287369864788
166,"PlotBm116","b","W11","W11","1",3,"PlotBm116_3","Stems >=10 cm DBH","Quercus frainetto",15,0.017671458676442587
167,"PlotBm116","b","W11","W11","1",4,"PlotBm116_4","Stems >=10 cm DBH","Quercus frainetto",22,0.0380132711084365
168,"PlotBm116","b","W11","W11","1",4,"PlotBm116_4","Stems >=10 cm DBH","Quercus frainetto",27,0.05725552611167398
169,"PlotBm116","b","W11","W11","1",5,"PlotBm116_5","Stems >=10 cm DBH","Quercus frainetto",10,0.007853981633974483
170,"PlotBm116","b","W11","W11","2",6,"PlotBm116_6","Stems 2.5-10 cm DBH","Quercus frainetto",5,0.001963495408493621
171,"PlotBm116","b","W11","W11","2",7,"PlotBm116_7","Stems >=10 cm DBH","Quercus frainetto",13,0.013273228961416876
172,"PlotBm116","b","W11","W11","2",8,"PlotBm116_8","Stems >=10 cm DBH","Quercus frainetto",13,0.013273228961416876
173,"PlotBm116","b","W11","W11","2",9,"PlotBm116_9","Stems >=10 cm DBH","Quercus frainetto",23,0.04154756284372501
174,"PlotBm116","b","W11","W11","2",10,"PlotBm116_10","Stems >=10 cm DBH","Quercus frainetto",25,0.04908738521234052
175,"PlotBm116","b","W11","W11","3",11,"PlotBm116_11","Stems >=10 cm DBH","Quercus frainetto",26,0.053092915845667506
176,"PlotBm116","b","W11","W11","3",12,"PlotBm116_12","Stems >=10 cm DBH","Quercus frainetto",13,0.013273228961416876
177,"PlotBm116","b","W11","W11","3",12,"PlotBm116_12","Stems >=10 cm DBH","Quercus frainetto",10,0.007853981633974483
178,"PlotBm116","b","W11","W11","3",13,"PlotBm116_13","Stems >=10 cm DBH","Quercus frainetto",28,0.061575216010359944
179,"PlotBm116","b","W11","W11","3",14,"PlotBm116_14","Stems >=10 cm DBH","Quercus frainetto",16,0.020106192982974676
180,"PlotBm116","b","W11","W11","3",15,"PlotBm116_15","Stems >=10 cm DBH","Quercus frainetto",37,0.10752100856911068
181,"PlotBm116","b","W11","W11","3",16,"PlotBm116_16","Stems >=10 cm DBH","Quercus frainetto",35,0.09621127501618741
182,"PlotBm117","b","W11","W11","1",1,"PlotBm117_1","Stems >=10 cm DBH","Quercus frainetto",21,0.03463605900582747
183,"PlotBm117","b","W11","W11","1",2,"PlotBm117_2","Stems >=10 cm DBH","Quercus frainetto",18,0.025446900494077322
184,"PlotBm117","b","W11","W11","1",3,"PlotBm117_3","Stems >=10 cm DBH","Quercus frainetto",26,0.053092915845667506
185,"PlotBm117","b","W11","W11","1",4,"PlotBm117_4","Stems >=10 cm DBH","Quercus frainetto",19,0.02835287369864788
186,"PlotBm117","b","W11","W11","1",4,"PlotBm117_4","Stems >=10 cm DBH","Quercus frainetto",14,0.015393804002589986
187,"PlotBm117","b","W11","W11","1",5,"PlotBm117_5","Stems >=10 cm DBH","Quercus frainetto",16,0.020106192982974676
188,"PlotBm117","b","W11","W11","1",6,"PlotBm117_6","Stems 2.5-10 cm DBH","Quercus frainetto",9,0.0063617251235193305
189,"PlotBm117","b","W11","W11","1",6,"PlotBm117_6","Stems 2.5-10 cm DBH","Quercus frainetto",8,0.005026548245743669
190,"PlotBm117","b","W11","W11","1",7,"PlotBm117_7","Stems >=10 cm DBH","Quercus frainetto",31,0.07547676350249478
191,"PlotBm117","b","W11","W11","2",8,"PlotBm117_8","Stems >=10 cm DBH","Quercus frainetto",14,0.015393804002589986
192,"PlotBm117","b","W11","W11","2",8,"PlotBm117_8","Stems >=10 cm DBH","Quercus frainetto",13,0.013273228961416876
193,"PlotBm117","b","W11","W11","2",9,"PlotBm117_9","Stems >=10 cm DBH","Quercus frainetto",33,0.08552985999398212
194,"PlotBm117","b","W11","W11","2",10,"PlotBm117_10","Stems 2.5-10 cm DBH","Quercus frainetto",4,0.0012566370614359172
195,"PlotBm117","b","W11","W11","2",11,"PlotBm117_11","Stems >=10 cm DBH","Quercus frainetto",12,0.011309733552923255
196,"PlotBm117","b","W11","W11","2",11,"PlotBm117_11","Stems >=10 cm DBH","Quercus frainetto",11,0.009503317777109124
197,"PlotBm117","b","W11","W11","2",12,"PlotBm117_12","Stems >=10 cm DBH","Quercus frainetto",21,0.03463605900582747
198,"PlotBm117","b","W11","W11","3",13,"PlotBm117_13","Stems >=10 cm DBH","Quercus frainetto",18,0.025446900494077322
199,"PlotBm117","b","W11","W11","3",14,"PlotBm117_14","Stems >=10 cm DBH","Quercus frainetto",11,0.009503317777109124
200,"PlotBm117","b","W11","W11","3",15,"PlotBm117_15","Stems >=10 cm DBH","Quercus frainetto",26,0.053092915845667506
201,"PlotBm117","b","W11","W11","3",16,"PlotBm117_16","Stems >=10 cm DBH","Quercus frainetto",15,0.017671458676442587
202,"PlotBm117","b","W11","W11","3",17,"PlotBm117_17","Stems 2.5-10 cm DBH","Quercus frainetto",9,0.0063617251235193305
203,"PlotBm117","b","W11","W11","3",18,"PlotBm117_18","Stems >=10 cm DBH","Quercus frainetto",14,0.015393804002589986
204,"PlotBm117","b","W11","W11","3",19,"PlotBm117_19","Stems 2.5-10 cm DBH","Quercus frainetto",6,0.0028274333882308137
205,"PlotBm117","b","W11","W11","3",20,"PlotBm117_20","Stems >=10 cm DBH","Quercus frainetto",15,0.017671458676442587
206,"PlotBm117","b","W11","W11","3",21,"PlotBm117_21","Stems >=10 cm DBH","Quercus frainetto",22,0.0380132711084365
207,"PlotBm117","b","W11","W11","3",22,"PlotBm117_22","Stems >=10 cm DBH","Quercus frainetto",21,0.03463605900582747
208,"PlotBm118","b","W11","W11","1",1,"PlotBm118_1","Stems >=10 cm DBH","Quercus ilex",17,0.022698006922186254
209,"PlotBm118","b","W11","W11","1",1,"PlotBm118_1","Stems >=10 cm DBH","Quercus ilex",29,0.0660519855417254
210,"PlotBm118","b","W11","W11","1",1,"PlotBm118_1","Stems >=10 cm DBH","Quercus ilex",11,0.009503317777109124
211,"PlotBm118","b","W11","W11","1",1,"PlotBm118_1","Stems >=10 cm DBH","Quercus ilex",10,0.007853981633974483
212,"PlotBm118","b","W11","W11","1",2,"PlotBm118_2","Stems 2.5-10 cm DBH","Quercus pubescens",7,0.0038484510006474965
213,"PlotBm118","b","W11","W11","1",3,"PlotBm118_3","Stems >=10 cm DBH","Quercus pubescens",31,0.07547676350249478
214,"PlotBm118","b","W11","W11","1",4,"PlotBm118_4","Stems >=10 cm DBH","Quercus pubescens",37,0.10752100856911068
215,"PlotBm118","b","W11","W11","1",5,"PlotBm118_5","Stems >=10 cm DBH","Quercus pubescens",24,0.04523893421169302
216,"PlotBm118","b","W11","W11","1",6,"PlotBm118_6","Stems >=10 cm DBH","Quercus pubescens",22,0.0380132711084365
217,"PlotBm118","b","W11","W11","1",7,"PlotBm118_7","Stems >=10 cm DBH","Quercus pubescens",28,0.061575216010359944
218,"PlotBm118","b","W11","W11","2",8,"PlotBm118_8","Stems >=10 cm DBH","Quercus pubescens",14,0.015393804002589986
219,"PlotBm118","b","W11","W11","2",9,"PlotBm118_9","Stems >=10 cm DBH","Quercus pubescens",17,0.022698006922186254
220,"PlotBm118","b","W11","W11","2",10,"PlotBm118_10","Stems >=10 cm DBH","Quercus pubescens",23,0.04154756284372501
221,"PlotBm118","b","W11","W11","2",11,"PlotBm118_11","Stems >=10 cm DBH","Quercus pubescens",14,0.015393804002589986
222,"PlotBm118","b","W11","W11","2",12,"PlotBm118_12","Stems >=10 cm DBH","Quercus pubescens",16,0.020106192982974676
223,"PlotBm118","b","W11","W11","2",13,"PlotBm118_13","Stems >=10 cm DBH","Quercus pubescens",16,0.020106192982974676
224,"PlotBm118","b","W11","W11","2",14,"PlotBm118_14","Stems >=10 cm DBH","Quercus pubescens",23,0.04154756284372501
225,"PlotBm118","b","W11","W11","2",15,"PlotBm118_15","Stems >=10 cm DBH","Quercus pubescens",16,0.020106192982974676
226,"PlotBm118","b","W11","W11","2",16,"PlotBm118_16","Stems >=10 cm DBH","Quercus pubescens",23,0.04154756284372501
227,"PlotBm118","b","W11","W11","3",17,"PlotBm118_17","Stems >=10 cm DBH","Quercus pubescens",16,0.020106192982974676
228,"PlotBm118","b","W11","W11","3",18,"PlotBm118_18","Stems >=10 cm DBH","Quercus pubescens",11,0.009503317777109124
229,"PlotBm118","b","W11","W11","3",19,"PlotBm118_19","Stems >=10 cm DBH","Quercus pubescens",17,0.022698006922186254
230,"PlotBm118","b","W11","W11","3",20,"PlotBm118_20","Stems >=10 cm DBH","Quercus pubescens",21,0.03463605900582747
231,"PlotBm118","b","W11","W11","3",21,"PlotBm118_21","Stems >=10 cm DBH","Quercus pubescens",19,0.02835287369864788
232,"PlotBm118","b","W11","W11","3",22,"PlotBm118_22","Stems 2.5-10 cm DBH","Quercus pubescens",8,0.005026548245743669
233,"PlotBm118","b","W11","W11","3",23,"PlotBm118_23","Stems 2.5-10 cm DBH","Quercus pubescens",6,0.0028274333882308137
234,"PlotBm118","b","W11","W11","3",24,"PlotBm118_24","Stems >=10 cm DBH","Quercus pubescens",22,0.0380132711084365
235,"PlotBm118","b","W11","W11","3",25,"PlotBm118_25","Stems >=10 cm DBH","Quercus pubescens",15,0.017671458676442587
236,"PlotBm118","b","W11","W11","3",26,"PlotBm118_26","Stems >=10 cm DBH","Quercus pubescens",17,0.022698006922186254
237,"PlotBm118","b","W11","W11","3",27,"PlotBm118_27","Stems >=10 cm DBH","Quercus pubescens",24,0.04523893421169302
238,"PlotBm118","b","W11","W11","3",28,"PlotBm118_28","Stems >=10 cm DBH","Quercus pubescens",13,0.013273228961416876
239,"PlotBm118","b","W11","W11","3",29,"PlotBm118_29","Stems >=10 cm DBH","Quercus pubescens",11,0.009503317777109124
240,"PlotBm118","b","W11","W11","3",29,"PlotBm118_29","Stems >=10 cm DBH","Quercus pubescens",11,0.009503317777109124
241,"PlotBm119","b","W11","W11","1",1,"PlotBm119_1","Stems >=10 cm DBH","Quercus frainetto",21,0.03463605900582747
242,"PlotBm119","b","W11","W11","1",2,"PlotBm119_2","Stems >=10 cm DBH","Quercus frainetto",11,0.009503317777109124
243,"PlotBm119","b","W11","W11","1",3,"PlotBm119_3","Stems >=10 cm DBH","Quercus frainetto",26,0.053092915845667506
244,"PlotBm119","b","W11","W11","1",4,"PlotBm119_4","Stems >=10 cm DBH","Quercus frainetto",23,0.04154756284372501
245,"PlotBm119","b","W11","W11","1",5,"PlotBm119_5","Stems >=10 cm DBH","Quercus frainetto",22,0.0380132711084365
246,"PlotBm119","b","W11","W11","1",6,"PlotBm119_6","Stems >=10 cm DBH","Quercus frainetto",24,0.04523893421169302
247,"PlotBm119","b","W11","W11","1",7,"PlotBm119_7","Stems >=10 cm DBH","Quercus frainetto",16,0.020106192982974676
248,"PlotBm119","b","W11","W11","1",8,"PlotBm119_8","Stems >=10 cm DBH","Quercus frainetto",13,0.013273228961416876
249,"PlotBm119","b","W11","W11","1",9,"PlotBm119_9","Stems >=10 cm DBH","Quercus frainetto",22,0.0380132711084365
250,"PlotBm119","b","W11","W11","1",10,"PlotBm119_10","Stems >=10 cm DBH","Quercus frainetto",24,0.04523893421169302
251,"PlotBm119","b","W11","W11","1",11,"PlotBm119_11","Stems >=10 cm DBH","Quercus frainetto",23,0.04154756284372501
252,"PlotBm119","b","W11","W11","1",12,"PlotBm119_12","Stems >=10 cm DBH","Quercus frainetto",27,0.05725552611167398
253,"PlotBm119","b","W11","W11","2",13,"PlotBm119_13","Stems >=10 cm DBH","Quercus frainetto",19,0.02835287369864788
254,"PlotBm119","b","W11","W11","2",14,"PlotBm119_14","Stems >=10 cm DBH","Quercus frainetto",16,0.020106192982974676
255,"PlotBm119","b","W11","W11","2",15,"PlotBm119_15","Stems >=10 cm DBH","Quercus frainetto",16,0.020106192982974676
256,"PlotBm119","b","W11","W11","2",16,"PlotBm119_16","Stems >=10 cm DBH","Quercus frainetto",23,0.04154756284372501
257,"PlotBm119","b","W11","W11","2",17,"PlotBm119_17","Stems 2.5-10 cm DBH","Quercus frainetto",4,0.0012566370614359172
258,"PlotBm119","b","W11","W11","2",17,"PlotBm119_17","Stems 2.5-10 cm DBH","Quercus frainetto",4,0.0012566370614359172
259,"PlotBm119","b","W11","W11","2",18,"PlotBm119_18","Stems >=10 cm DBH","Quercus frainetto",16,0.020106192982974676
260,"PlotBm119","b","W11","W11","2",19,"PlotBm119_19","Stems >=10 cm DBH","Quercus frainetto",17,0.022698006922186254
261,"PlotBm119","b","W11","W11","3",20,"PlotBm119_20","Stems >=10 cm DBH","Quercus frainetto",24,0.04523893421169302
262,"PlotBm119","b","W11","W11","3",21,"PlotBm119_21","Stems >=10 cm DBH","Quercus frainetto",16,0.020106192982974676
263,"PlotBm119","b","W11","W11","3",22,"PlotBm119_22","Stems >=10 cm DBH","Quercus frainetto",14,0.015393804002589986
264,"PlotBm119","b","W11","W11","3",23,"PlotBm119_23","Stems >=10 cm DBH","Quercus frainetto",29,0.0660519855417254
265,"PlotBm119","b","W11","W11","3",24,"PlotBm119_24","Stems 2.5-10 cm DBH","Quercus frainetto",4,0.0012566370614359172
266,"PlotBm119","b","W11","W11","3",25,"PlotBm119_25","Stems >=10 cm DBH","Quercus frainetto",15,0.017671458676442587
267,"PlotBm119","b","W11","W11","3",26,"PlotBm119_26","Stems >=10 cm DBH","Quercus frainetto",31,0.07547676350249478
268,"PlotBm119","b","W11","W11","3",27,"PlotBm119_27","Stems >=10 cm DBH","Quercus frainetto",23,0.04154756284372501
269,"PlotBm119","b","W11","W11","3",28,"PlotBm119_28","Stems >=10 cm DBH","Quercus frainetto",19,0.02835287369864788
270,"PlotBm120","b","W11","W11","1",1,"PlotBm120_1","Stems >=10 cm DBH","Quercus frainetto",42,0.13854423602330987
271,"PlotBm120","b","W11","W11","1",2,"PlotBm120_2","Stems >=10 cm DBH","Quercus frainetto",24,0.04523893421169302
272,"PlotBm120","b","W11","W11","1",3,"PlotBm120_3","Stems 2.5-10 cm DBH","Quercus frainetto",5,0.001963495408493621
273,"PlotBm120","b","W11","W11","1",4,"PlotBm120_4","Stems >=10 cm DBH","Quercus frainetto",29,0.0660519855417254
274,"PlotBm120","b","W11","W11","1",5,"PlotBm120_5","Stems >=10 cm DBH","Quercus frainetto",26,0.053092915845667506
275,"PlotBm120","b","W11","W11","1",6,"PlotBm120_6","Stems >=10 cm DBH","Quercus frainetto",35,0.09621127501618741
276,"PlotBm120","b","W11","W11","1",7,"PlotBm120_7","Stems >=10 cm DBH","Quercus frainetto",17,0.022698006922186254
277,"PlotBm120","b","W11","W11","1",8,"PlotBm120_8","Stems >=10 cm DBH","Quercus frainetto",21,0.03463605900582747
278,"PlotBm120","b","W11","W11","2",9,"PlotBm120_9","Stems >=10 cm DBH","Quercus frainetto",26,0.053092915845667506
279,"PlotBm120","b","W11","W11","2",10,"PlotBm120_10","Stems >=10 cm DBH","Quercus frainetto",11,0.009503317777109124
280,"PlotBm120","b","W11","W11","2",11,"PlotBm120_11","Stems >=10 cm DBH","Quercus frainetto",29,0.0660519855417254
281,"PlotBm120","b","W11","W11","2",12,"PlotBm120_12","Stems >=10 cm DBH","Quercus frainetto",37,0.10752100856911068
282,"PlotBm120","b","W11","W11","3",13,"PlotBm120_13","Stems >=10 cm DBH","Quercus frainetto",42,0.13854423602330987
283,"PlotBm120","b","W11","W11","3",14,"PlotBm120_14","Stems >=10 cm DBH","Quercus frainetto",10,0.007853981633974483
284,"PlotBm120","b","W11","W11","3",15,"PlotBm120_15","Stems >=10 cm DBH","Quercus frainetto",37,0.10752100856911068
285,"PlotBm120","b","W11","W11","3",16,"PlotBm120_16","Stems >=10 cm DBH","Quercus frainetto",47,0.17349445429449634
286,"PlotBm120","b","W11","W11","3",17,"PlotBm120_17","Stems >=10 cm DBH","Quercus frainetto",41,0.13202543126711105
287,"PlotBm120","b","W11","W11","3",18,"PlotBm120_18","Stems >=10 cm DBH","Quercus frainetto",38,0.11341149479459152
288,"PlotBm120","b","W11","W11","3",19,"PlotBm120_19","Stems >=10 cm DBH","Quercus frainetto",42,0.13854423602330987
289,"PlotBm13","b","W2","W2","1",1,"PlotBm13_1","Stems 2.5-10 cm DBH","Quercus coccifera",8,0.005026548245743669
290,"PlotBm13","b","W2","W2","1",1,"PlotBm13_1","Stems 2.5-10 cm DBH","Quercus coccifera",7,0.0038484510006474965
291,"PlotBm13","b","W2","W2","1",2,"PlotBm13_2","Stems >=10 cm DBH","Quercus coccifera",11,0.009503317777109124
292,"PlotBm13","b","W2","W2","1",3,"PlotBm13_3","Stems 2.5-10 cm DBH","Quercus coccifera",7,0.0038484510006474965
293,"PlotBm13","b","W2","W2","1",4,"PlotBm13_4","Stems 2.5-10 cm DBH","Quercus coccifera",4,0.0012566370614359172
294,"PlotBm13","b","W2","W2","1",5,"PlotBm13_5","Stems 2.5-10 cm DBH","Quercus coccifera",3,7.068583470577034e-4
295,"PlotBm13","b","W2","W2","1",5,"PlotBm13_5","Stems 2.5-10 cm DBH","Quercus coccifera",5,0.001963495408493621
296,"PlotBm13","b","W2","W2","2",6,"PlotBm13_6","Stems >=10 cm DBH","Quercus coccifera",11,0.009503317777109124
297,"PlotBm13","b","W2","W2","2",7,"PlotBm13_7","Stems 2.5-10 cm DBH","Quercus coccifera",3,7.068583470577034e-4
298,"PlotBm13","b","W2","W2","2",7,"PlotBm13_7","Stems 2.5-10 cm DBH","Quercus coccifera",3,7.068583470577034e-4
299,"PlotBm13","b","W2","W2","2",8,"PlotBm13_8","Stems 2.5-10 cm DBH","Quercus coccifera",3,7.068583470577034e-4
300,"PlotBm13","b","W2","W2","2",9,"PlotBm13_9","Stems 2.5-10 cm DBH","Quercus coccifera",3,7.068583470577034e-4
301,"PlotBm13","b","W2","W2","2",10,"PlotBm13_10","Stems 2.5-10 cm DBH","Quercus coccifera",3,7.068583470577034e-4
302,"PlotBm13","b","W2","W2","2",10,"PlotBm13_10","Stems 2.5-10 cm DBH","Quercus coccifera",3,7.068583470577034e-4
303,"PlotBm13","b","W2","W2","2",10,"PlotBm13_10","Stems 2.5-10 cm DBH","Quercus coccifera",3,7.068583470577034e-4
304,"PlotBm13","b","W2","W2","3",11,"PlotBm13_11","Stems >=10 cm DBH","Quercus coccifera",14,0.015393804002589986
305,"PlotBm13","b","W2","W2","3",12,"PlotBm13_12","Stems 2.5-10 cm DBH","Quercus coccifera",3,7.068583470577034e-4
306,"PlotBm13","b","W2","W2","3",12,"PlotBm13_12","Stems 2.5-10 cm DBH","Quercus coccifera",3,7.068583470577034e-4
307,"PlotBm13","b","W2","W2","3",13,"PlotBm13_13","Stems 2.5-10 cm DBH","Quercus coccifera",9,0.0063617251235193305
308,"PlotBm13","b","W2","W2","3",14,"PlotBm13_14","Stems 2.5-10 cm DBH","Quercus coccifera",7,0.0038484510006474965
309,"PlotBm13","b","W2","W2","3",15,"PlotBm13_15","Stems 2.5-10 cm DBH","Quercus coccifera",3,7.068583470577034e-4
310,"PlotBm13","b","W2","W2","3",15,"PlotBm13_15","Stems 2.5-10 cm DBH","Quercus coccifera",3,7.068583470577034e-4
311,"PlotBm13","b","W2","W2","3",16,"PlotBm13_16","Stems >=10 cm DBH","Quercus coccifera",13,0.013273228961416876
312,"PlotBm13","b","W2","W2","3",17,"PlotBm13_17","Stems 2.5-10 cm DBH","Quercus coccifera",3,7.068583470577034e-4
313,"PlotBm13","b","W2","W2","3",17,"PlotBm13_17","Stems 2.5-10 cm DBH","Quercus coccifera",4,0.0012566370614359172
314,"PlotBm13","b","W2","W2","3",17,"PlotBm13_17","Stems 2.5-10 cm DBH","Quercus coccifera",5,0.001963495408493621
315,"PlotBm13","b","W2","W2","3",18,"PlotBm13_18","Stems >=10 cm DBH","Quercus coccifera",11,0.009503317777109124
316,"PlotBm13","b","W2","W2","3",18,"PlotBm13_18","Stems >=10 cm DBH","Quercus coccifera",14,0.015393804002589986
317,"PlotBm14","b","W2","W2","1",1,"PlotBm14_1","Stems >=10 cm DBH","Quercus coccifera",12,0.011309733552923255
318,"PlotBm14","b","W2","W2","1",2,"PlotBm14_2","Stems 2.5-10 cm DBH","Quercus coccifera",6,0.0028274333882308137
319,"PlotBm14","b","W2","W2","1",3,"PlotBm14_3","Stems 2.5-10 cm DBH","Quercus coccifera",4,0.0012566370614359172
320,"PlotBm14","b","W2","W2","1",4,"PlotBm14_4","Stems 2.5-10 cm DBH","Quercus coccifera",4,0.0012566370614359172
321,"PlotBm14","b","W2","W2","1",5,"PlotBm14_5","Stems 2.5-10 cm DBH","Quercus coccifera",5,0.001963495408493621
322,"PlotBm14","b","W2","W2","1",5,"PlotBm14_5","Stems 2.5-10 cm DBH","Quercus coccifera",3,7.068583470577034e-4
323,"PlotBm14","b","W2","W2","1",6,"PlotBm14_6","Stems 2.5-10 cm DBH","Quercus coccifera",3,7.068583470577034e-4
324,"PlotBm14","b","W2","W2","1",7,"PlotBm14_7","Stems 2.5-10 cm DBH","Quercus coccifera",3,7.068583470577034e-4
325,"PlotBm14","b","W2","W2","1",8,"PlotBm14_8","Stems 2.5-10 cm DBH","Quercus coccifera",3,7.068583470577034e-4
326,"PlotBm14","b","W2","W2","1",8,"PlotBm14_8","Stems 2.5-10 cm DBH","Quercus coccifera",3,7.068583470577034e-4
327,"PlotBm14","b","W2","W2","1",9,"PlotBm14_9","Stems >=10 cm DBH","Quercus coccifera",10,0.007853981633974483
328,"PlotBm14","b","W2","W2","1",9,"PlotBm14_9","Stems >=10 cm DBH","Quercus coccifera",10,0.007853981633974483
329,"PlotBm14","b","W2","W2","2",10,"PlotBm14_10","Stems >=10 cm DBH","Quercus coccifera",11,0.009503317777109124
330,"PlotBm14","b","W2","W2","2",10,"PlotBm14_10","Stems >=10 cm DBH","Quercus coccifera",10,0.007853981633974483
331,"PlotBm14","b","W2","W2","2",11,"PlotBm14_11","Stems 2.5-10 cm DBH","Quercus coccifera",4,0.0012566370614359172
332,"PlotBm14","b","W2","W2","2",12,"PlotBm14_12","Stems 2.5-10 cm DBH","Quercus coccifera",6,0.0028274333882308137
333,"PlotBm14","b","W2","W2","2",13,"PlotBm14_13","Stems 2.5-10 cm DBH","Quercus coccifera",3,7.068583470577034e-4
334,"PlotBm14","b","W2","W2","2",14,"PlotBm14_14","Stems 2.5-10 cm DBH","Quercus coccifera",3,7.068583470577034e-4
335,"PlotBm14","b","W2","W2","2",15,"PlotBm14_15","Stems 2.5-10 cm DBH","Quercus coccifera",3,7.068583470577034e-4
336,"PlotBm14","b","W2","W2","2",16,"PlotBm14_16","Stems 2.5-10 cm DBH","Quercus coccifera",3,7.068583470577034e-4
337,"PlotBm14","b","W2","W2","2",16,"PlotBm14_16","Stems 2.5-10 cm DBH","Quercus coccifera",4,0.0012566370614359172
338,"PlotBm14","b","W2","W2","2",17,"PlotBm14_17","Stems 2.5-10 cm DBH","Quercus coccifera",6,0.0028274333882308137
339,"PlotBm14","b","W2","W2","2",17,"PlotBm14_17","Stems 2.5-10 cm DBH","Quercus coccifera",5,0.001963495408493621
340,"PlotBm14","b","W2","W2","2",18,"PlotBm14_18","Stems 2.5-10 cm DBH","Quercus coccifera",2.5,4.908738521234052e-4
341,"PlotBm14","b","W2","W2","2",19,"PlotBm14_19","Stems 2.5-10 cm DBH","Quercus coccifera",3,7.068583470577034e-4
342,"PlotBm14","b","W2","W2","2",20,"PlotBm14_20","Stems 2.5-10 cm DBH","Quercus coccifera",4,0.0012566370614359172
343,"PlotBm14","b","W2","W2","3",21,"PlotBm14_21","Stems >=10 cm DBH","Quercus coccifera",11,0.009503317777109124
344,"PlotBm14","b","W2","W2","3",22,"PlotBm14_22","Stems >=10 cm DBH","Quercus coccifera",10,0.007853981633974483
345,"PlotBm14","b","W2","W2","3",23,"PlotBm14_23","Stems >=10 cm DBH","Quercus coccifera",13,0.013273228961416876
346,"PlotBm14","b","W2","W2","3",24,"PlotBm14_24","Stems >=10 cm DBH","Quercus coccifera",11,0.009503317777109124
347,"PlotBm14","b","W2","W2","3",25,"PlotBm14_25","Stems >=10 cm DBH","Quercus coccifera",12,0.011309733552923255
348,"PlotBm14","b","W2","W2","3",26,"PlotBm14_26","Stems >=10 cm DBH","Quercus coccifera",12,0.011309733552923255
349,"PlotBm14","b","W2","W2","3",27,"PlotBm14_27","Stems >=10 cm DBH","Quercus coccifera",14,0.015393804002589986
350,"PlotBm14","b","W2","W2","3",27,"PlotBm14_27","Stems >=10 cm DBH","Quercus coccifera",12,0.011309733552923255
351,"PlotBm14","b","W2","W2","3",28,"PlotBm14_28","Stems 2.5-10 cm DBH","Quercus coccifera",3,7.068583470577034e-4
352,"PlotBm14","b","W2","W2","3",29,"PlotBm14_29","Stems 2.5-10 cm DBH","Quercus coccifera",4,0.0012566370614359172
353,"PlotBm14","b","W2","W2","3",30,"PlotBm14_30","Stems 2.5-10 cm DBH","Quercus coccifera",5,0.001963495408493621
354,"PlotBm14","b","W2","W2","3",31,"PlotBm14_31","Stems 2.5-10 cm DBH","Quercus coccifera",3,7.068583470577034e-4
355,"PlotBm14","b","W2","W2","3",32,"PlotBm14_32","Stems 2.5-10 cm DBH","Quercus coccifera",8,0.005026548245743669
356,"PlotBm14","b","W2","W2","3",32,"PlotBm14_32","Stems 2.5-10 cm DBH","Quercus coccifera",9,0.0063617251235193305
357,"PlotBm14","b","W2","W2","3",33,"PlotBm14_33","Stems 2.5-10 cm DBH","Quercus coccifera",4,0.0012566370614359172
358,"PlotBm14","b","W2","W2","3",33,"PlotBm14_33","Stems 2.5-10 cm DBH","Quercus coccifera",3,7.068583470577034e-4
359,"PlotBm14","b","W2","W2","3",33,"PlotBm14_33","Stems 2.5-10 cm DBH","Quercus coccifera",3,7.068583470577034e-4
360,"PlotBm14","b","W2","W2","3",34,"PlotBm14_34","Stems 2.5-10 cm DBH","Quercus coccifera",5,0.001963495408493621
361,"PlotBm14","b","W2","W2","3",34,"PlotBm14_34","Stems 2.5-10 cm DBH","Quercus coccifera",7,0.0038484510006474965
362,"PlotBm14","b","W2","W2","3",34,"PlotBm14_34","Stems 2.5-10 cm DBH","Quercus coccifera",6,0.0028274333882308137
363,"PlotBm14","b","W2","W2","3",35,"PlotBm14_35","Stems 2.5-10 cm DBH","Quercus coccifera",4,0.0012566370614359172
364,"PlotBm14","b","W2","W2","3",36,"PlotBm14_36","Stems 2.5-10 cm DBH","Quercus coccifera",5,0.001963495408493621
365,"PlotBm14","b","W2","W2","3",37,"PlotBm14_37","Stems 2.5-10 cm DBH","Quercus coccifera",4,0.0012566370614359172
366,"PlotBm14","b","W2","W2","3",38,"PlotBm14_38","Stems 2.5-10 cm DBH","Quercus coccifera",4,0.0012566370614359172
367,"PlotBm14","b","W2","W2","3",39,"PlotBm14_39","Stems 2.5-10 cm DBH","Quercus coccifera",4,0.0012566370614359172
368,"PlotBm14","b","W2","W2","3",40,"PlotBm14_40","Stems 2.5-10 cm DBH","Quercus coccifera",4,0.0012566370614359172
369,"PlotBm14","b","W2","W2","3",41,"PlotBm14_41","Stems 2.5-10 cm DBH","Quercus coccifera",8,0.005026548245743669
370,"PlotBm14","b","W2","W2","3",42,"PlotBm14_42","Stems 2.5-10 cm DBH","Quercus coccifera",3,7.068583470577034e-4
371,"PlotBm14","b","W2","W2","3",43,"PlotBm14_43","Stems 2.5-10 cm DBH","Quercus coccifera",4,0.0012566370614359172
372,"PlotBm14","b","W2","W2","3",44,"PlotBm14_44","Stems >=10 cm DBH","Quercus coccifera",11,0.009503317777109124
373,"PlotBm14","b","W2","W2","3",45,"PlotBm14_45","Stems >=10 cm DBH","Quercus coccifera",10,0.007853981633974483
374,"PlotBm14","b","W2","W2","3",46,"PlotBm14_46","Stems >=10 cm DBH","Quercus coccifera",13,0.013273228961416876
375,"PlotBm14","b","W2","W2","3",47,"PlotBm14_47","Stems >=10 cm DBH","Quercus coccifera",11,0.009503317777109124
376,"PlotBm15","b","W2","W2","2",1,"PlotBm15_1","Stems 2.5-10 cm DBH","Juniperus oxycedrus",3,7.068583470577034e-4
377,"PlotBm15","b","W2","W2","2",1,"PlotBm15_1","Stems 2.5-10 cm DBH","Juniperus oxycedrus",3,7.068583470577034e-4
378,"PlotBm15","b","W2","W2","3",2,"PlotBm15_2","Stems 2.5-10 cm DBH","Juniperus oxycedrus",3,7.068583470577034e-4
379,"PlotBm15","b","W2","W2","3",2,"PlotBm15_2","Stems 2.5-10 cm DBH","Juniperus oxycedrus",3,7.068583470577034e-4
380,"PlotBm16","b","W2","W2","1",1,"PlotBm16_1","Stems >=10 cm DBH","Quercus coccifera",17,0.022698006922186254
381,"PlotBm16","b","W2","W2","1",1,"PlotBm16_1","Stems >=10 cm DBH","Quercus coccifera",12,0.011309733552923255
382,"PlotBm16","b","W2","W2","1",2,"PlotBm16_2","Stems 2.5-10 cm DBH","Quercus coccifera",6,0.0028274333882308137
383,"PlotBm16","b","W2","W2","1",3,"PlotBm16_3","Stems 2.5-10 cm DBH","Quercus coccifera",9,0.0063617251235193305
384,"PlotBm16","b","W2","W2","1",4,"PlotBm16_4","Stems 2.5-10 cm DBH","Quercus coccifera",4,0.0012566370614359172
385,"PlotBm16","b","W2","W2","1",4,"PlotBm16_4","Stems 2.5-10 cm DBH","Quercus coccifera",5,0.001963495408493621
386,"PlotBm16","b","W2","W2","1",5,"PlotBm16_5","Stems 2.5-10 cm DBH","Quercus coccifera",3,7.068583470577034e-4
387,"PlotBm16","b","W2","W2","1",5,"PlotBm16_5","Stems 2.5-10 cm DBH","Quercus coccifera",3,7.068583470577034e-4
388,"PlotBm16","b","W2","W2","1",6,"PlotBm16_6","Stems 2.5-10 cm DBH","Quercus coccifera",3,7.068583470577034e-4
389,"PlotBm16","b","W2","W2","1",6,"PlotBm16_6","Stems 2.5-10 cm DBH","Quercus coccifera",3,7.068583470577034e-4
390,"PlotBm16","b","W2","W2","1",6,"PlotBm16_6","Stems 2.5-10 cm DBH","Quercus coccifera",4,0.0012566370614359172
391,"PlotBm16","b","W2","W2","2",7,"PlotBm16_7","Stems 2.5-10 cm DBH","Quercus coccifera",3,7.068583470577034e-4
392,"PlotBm16","b","W2","W2","2",7,"PlotBm16_7","Stems 2.5-10 cm DBH","Quercus coccifera",5,0.001963495408493621
393,"PlotBm16","b","W2","W2","2",8,"PlotBm16_8","Stems 2.5-10 cm DBH","Quercus coccifera",5,0.001963495408493621
394,"PlotBm16","b","W2","W2","2",8,"PlotBm16_8","Stems 2.5-10 cm DBH","Quercus coccifera",4,0.0012566370614359172
395,"PlotBm16","b","W2","W2","2",8,"PlotBm16_8","Stems 2.5-10 cm DBH","Quercus coccifera",6,0.0028274333882308137
396,"PlotBm16","b","W2","W2","2",9,"PlotBm16_9","Stems 2.5-10 cm DBH","Quercus coccifera",3,7.068583470577034e-4
397,"PlotBm16","b","W2","W2","2",9,"PlotBm16_9","Stems 2.5-10 cm DBH","Quercus coccifera",4,0.0012566370614359172
398,"PlotBm16","b","W2","W2","2",9,"PlotBm16_9","Stems 2.5-10 cm DBH","Quercus coccifera",4,0.0012566370614359172
399,"PlotBm16","b","W2","W2","2",9,"PlotBm16_9","Stems 2.5-10 cm DBH","Quercus coccifera",4,0.0012566370614359172
400,"PlotBm16","b","W2","W2","2",9,"PlotBm16_9","Stems 2.5-10 cm DBH","Quercus coccifera",3,7.068583470577034e-4
401,"PlotBm16","b","W2","W2","2",9,"PlotBm16_9","Stems 2.5-10 cm DBH","Quercus coccifera",3,7.068583470577034e-4
402,"PlotBm16","b","W2","W2","2",9,"PlotBm16_9","Stems 2.5-10 cm DBH","Quercus coccifera",3,7.068583470577034e-4
403,"PlotBm16","b","W2","W2","2",9,"PlotBm16_9","Stems 2.5-10 cm DBH","Quercus coccifera",3,7.068583470577034e-4
404,"PlotBm17","b","W2","W2","1",6,"PlotBm17_6","Stems 2.5-10 cm DBH","Quercus coccifera",4,0.0012566370614359172
405,"PlotBm17","b","W2","W2","1",7,"PlotBm17_7","Stems 2.5-10 cm DBH","Quercus coccifera",4,0.0012566370614359172
406,"PlotBm17","b","W2","W2","1",8,"PlotBm17_8","Stems 2.5-10 cm DBH","Quercus coccifera",3,7.068583470577034e-4
407,"PlotBm17","b","W2","W2","1",8,"PlotBm17_8","Stems 2.5-10 cm DBH","Quercus coccifera",3,7.068583470577034e-4
408,"PlotBm17","b","W2","W2","1",9,"PlotBm17_9","Stems >=10 cm DBH","Quercus coccifera",11,0.009503317777109124
409,"PlotBm17","b","W2","W2","2",1,"PlotBm17_1","Stems >=10 cm DBH","Carpinus orientalis",10,0.007853981633974483
410,"PlotBm17","b","W2","W2","2",1,"PlotBm17_1","Stems >=10 cm DBH","Carpinus orientalis",10,0.007853981633974483
411,"PlotBm17","b","W2","W2","2",10,"PlotBm17_10","Stems 2.5-10 cm DBH","Quercus coccifera",5,0.001963495408493621
412,"PlotBm17","b","W2","W2","2",11,"PlotBm17_11","Stems 2.5-10 cm DBH","Quercus coccifera",4,0.0012566370614359172
413,"PlotBm17","b","W2","W2","3",2,"PlotBm17_2","Stems >=10 cm DBH","Carpinus orientalis",11,0.009503317777109124
414,"PlotBm17","b","W2","W2","3",2,"PlotBm17_2","Stems >=10 cm DBH","Carpinus orientalis",10,0.007853981633974483
415,"PlotBm17","b","W2","W2","3",2,"PlotBm17_2","Stems >=10 cm DBH","Carpinus orientalis",10,0.007853981633974483
416,"PlotBm17","b","W2","W2","3",3,"PlotBm17_3","Stems >=10 cm DBH","Carpinus orientalis",10,0.007853981633974483
417,"PlotBm17","b","W2","W2","3",3,"PlotBm17_3","Stems >=10 cm DBH","Carpinus orientalis",10,0.007853981633974483
418,"PlotBm17","b","W2","W2","3",3,"PlotBm17_3","Stems >=10 cm DBH","Carpinus orientalis",11,0.009503317777109124
419,"PlotBm17","b","W2","W2","3",4,"PlotBm17_4","Stems 2.5-10 cm DBH","Juniperus oxycedrus",8,0.005026548245743669
420,"PlotBm17","b","W2","W2","3",5,"PlotBm17_5","Stems >=10 cm DBH","Juniperus oxycedrus",12,0.011309733552923255
421,"PlotBm17","b","W2","W2","3",12,"PlotBm17_12","Stems 2.5-10 cm DBH","Quercus coccifera",3,7.068583470577034e-4
422,"PlotBm17","b","W2","W2","3",12,"PlotBm17_12","Stems 2.5-10 cm DBH","Quercus coccifera",4,0.0012566370614359172
423,"PlotBm17","b","W2","W2","3",12,"PlotBm17_12","Stems 2.5-10 cm DBH","Quercus coccifera",3,7.068583470577034e-4
424,"PlotBm17","b","W2","W2","3",12,"PlotBm17_12","Stems 2.5-10 cm DBH","Quercus coccifera",3,7.068583470577034e-4
425,"PlotBm17","b","W2","W2","3",12,"PlotBm17_12","Stems 2.5-10 cm DBH","Quercus coccifera",3,7.068583470577034e-4
426,"PlotBm17","b","W2","W2","3",13,"PlotBm17_13","Stems 2.5-10 cm DBH","Quercus coccifera",3,7.068583470577034e-4
427,"PlotBm18","b","W2","W2","1",1,"PlotBm18_1","Stems >=10 cm DBH","Quercus coccifera",10,0.007853981633974483
428,"PlotBm18","b","W2","W2","1",2,"PlotBm18_2","Stems >=10 cm DBH","Quercus coccifera",13,0.013273228961416876
429,"PlotBm18","b","W2","W2","1",3,"PlotBm18_3","Stems >=10 cm DBH","Quercus coccifera",14,0.015393804002589986
430,"PlotBm18","b","W2","W2","1",4,"PlotBm18_4","Stems >=10 cm DBH","Quercus coccifera",10,0.007853981633974483
431,"PlotBm18","b","W2","W2","1",5,"PlotBm18_5","Stems >=10 cm DBH","Quercus coccifera",11,0.009503317777109124
432,"PlotBm18","b","W2","W2","1",6,"PlotBm18_6","Stems >=10 cm DBH","Quercus coccifera",10,0.007853981633974483
433,"PlotBm18","b","W2","W2","1",6,"PlotBm18_6","Stems >=10 cm DBH","Quercus coccifera",11,0.009503317777109124
434,"PlotBm18","b","W2","W2","1",6,"PlotBm18_6","Stems 2.5-10 cm DBH","Quercus coccifera",8,0.005026548245743669
435,"PlotBm18","b","W2","W2","1",7,"PlotBm18_7","Stems >=10 cm DBH","Quercus coccifera",14,0.015393804002589986
436,"PlotBm18","b","W2","W2","1",8,"PlotBm18_8","Stems >=10 cm DBH","Quercus coccifera",18,0.025446900494077322
437,"PlotBm18","b","W2","W2","1",9,"PlotBm18_9","Stems >=10 cm DBH","Quercus coccifera",12,0.011309733552923255
438,"PlotBm18","b","W2","W2","1",9,"PlotBm18_9","Stems >=10 cm DBH","Quercus coccifera",11,0.009503317777109124
439,"PlotBm18","b","W2","W2","2",10,"PlotBm18_10","Stems 2.5-10 cm DBH","Quercus coccifera",3,7.068583470577034e-4
440,"PlotBm18","b","W2","W2","2",10,"PlotBm18_10","Stems 2.5-10 cm DBH","Quercus coccifera",5,0.001963495408493621
441,"PlotBm18","b","W2","W2","2",11,"PlotBm18_11","Stems 2.5-10 cm DBH","Quercus coccifera",8,0.005026548245743669
442,"PlotBm18","b","W2","W2","2",11,"PlotBm18_11","Stems >=10 cm DBH","Quercus coccifera",10,0.007853981633974483
443,"PlotBm18","b","W2","W2","2",11,"PlotBm18_11","Stems 2.5-10 cm DBH","Quercus coccifera",7,0.0038484510006474965
444,"PlotBm18","b","W2","W2","2",12,"PlotBm18_12","Stems 2.5-10 cm DBH","Quercus coccifera",6,0.0028274333882308137
445,"PlotBm18","b","W2","W2","2",12,"PlotBm18_12","Stems 2.5-10 cm DBH","Quercus coccifera",8,0.005026548245743669
446,"PlotBm18","b","W2","W2","2",12,"PlotBm18_12","Stems 2.5-10 cm DBH","Quercus coccifera",4,0.0012566370614359172
447,"PlotBm18","b","W2","W2","3",13,"PlotBm18_13","Stems 2.5-10 cm DBH","Quercus coccifera",6,0.0028274333882308137
448,"PlotBm18","b","W2","W2","3",13,"PlotBm18_13","Stems >=10 cm DBH","Quercus coccifera",11,0.009503317777109124
449,"PlotBm18","b","W2","W2","3",13,"PlotBm18_13","Stems 2.5-10 cm DBH","Quercus coccifera",7,0.0038484510006474965
450,"PlotBm18","b","W2","W2","3",13,"PlotBm18_13","Stems 2.5-10 cm DBH","Quercus coccifera",3,7.068583470577034e-4
451,"PlotBm19","b","W2","W2","1",1,"PlotBm19_1","Stems 2.5-10 cm DBH","Carpinus orientalis",7,0.0038484510006474965
452,"PlotBm19","b","W2","W2","1",2,"PlotBm19_2","Stems 2.5-10 cm DBH","Quercus coccifera",4,0.0012566370614359172
453,"PlotBm19","b","W2","W2","1",3,"PlotBm19_3","Stems 2.5-10 cm DBH","Quercus coccifera",6,0.0028274333882308137
454,"PlotBm19","b","W2","W2","1",4,"PlotBm19_4","Stems 2.5-10 cm DBH","Carpinus orientalis",8,0.005026548245743669
455,"PlotBm19","b","W2","W2","1",5,"PlotBm19_5","Stems 2.5-10 cm DBH","Carpinus orientalis",5,0.001963495408493621
456,"PlotBm19","b","W2","W2","2",6,"PlotBm19_6","Stems 2.5-10 cm DBH","Quercus coccifera",5,0.001963495408493621
457,"PlotBm19","b","W2","W2","2",7,"PlotBm19_7","Stems 2.5-10 cm DBH","Quercus coccifera",5,0.001963495408493621
458,"PlotBm19","b","W2","W2","3",8,"PlotBm19_8","Stems 2.5-10 cm DBH","Quercus coccifera",7,0.0038484510006474965
459,"PlotBm19","b","W2","W2","3",9,"PlotBm19_9","Stems 2.5-10 cm DBH","Quercus coccifera",3,7.068583470577034e-4
460,"PlotBm19","b","W2","W2","3",9,"PlotBm19_9","Stems 2.5-10 cm DBH","Quercus coccifera",4,0.0012566370614359172
461,"PlotBm19","b","W2","W2","3",10,"PlotBm19_10","Stems 2.5-10 cm DBH","Juniperus oxycedrus",7,0.0038484510006474965
462,"PlotBm20","b","W2","W2","1",1,"PlotBm20_1","Stems 2.5-10 cm DBH","Carpinus orientalis",6,0.0028274333882308137
463,"PlotBm20","b","W2","W2","1",1,"PlotBm20_1","Stems 2.5-10 cm DBH","Carpinus orientalis",4,0.0012566370614359172
464,"PlotBm20","b","W2","W2","1",1,"PlotBm20_1","Stems 2.5-10 cm DBH","Carpinus orientalis",3,7.068583470577034e-4
465,"PlotBm20","b","W2","W2","1",2,"PlotBm20_2","Stems 2.5-10 cm DBH","Quercus coccifera",7,0.0038484510006474965
466,"PlotBm20","b","W2","W2","1",2,"PlotBm20_2","Stems 2.5-10 cm DBH","Quercus coccifera",3,7.068583470577034e-4
467,"PlotBm20","b","W2","W2","1",2,"PlotBm20_2","Stems 2.5-10 cm DBH","Quercus coccifera",4,0.0012566370614359172
468,"PlotBm20","b","W2","W2","2",3,"PlotBm20_3","Stems >=10 cm DBH","Quercus coccifera",12,0.011309733552923255
469,"PlotBm20","b","W2","W2","2",3,"PlotBm20_3","Stems 2.5-10 cm DBH","Quercus coccifera",3,7.068583470577034e-4
470,"PlotBm20","b","W2","W2","2",3,"PlotBm20_3","Stems 2.5-10 cm DBH","Quercus coccifera",4,0.0012566370614359172
471,"PlotBm20","b","W2","W2","2",3,"PlotBm20_3","Stems 2.5-10 cm DBH","Quercus coccifera",4,0.0012566370614359172
472,"PlotBm20","b","W2","W2","2",4,"PlotBm20_4","Stems 2.5-10 cm DBH","Carpinus orientalis",7,0.0038484510006474965
473,"PlotBm20","b","W2","W2","2",4,"PlotBm20_4","Stems 2.5-10 cm DBH","Carpinus orientalis",4,0.0012566370614359172
474,"PlotBm20","b","W2","W2","2",5,"PlotBm20_5","Stems 2.5-10 cm DBH","Quercus coccifera",6,0.0028274333882308137
475,"PlotBm20","b","W2","W2","2",5,"PlotBm20_5","Stems 2.5-10 cm DBH","Quercus coccifera",6,0.0028274333882308137
476,"PlotBm20","b","W2","W2","3",6,"PlotBm20_6","Stems 2.5-10 cm DBH","Quercus coccifera",3,7.068583470577034e-4
477,"PlotBm20","b","W2","W2","3",6,"PlotBm20_6","Stems 2.5-10 cm DBH","Quercus coccifera",3,7.068583470577034e-4
478,"PlotBm20","b","W2","W2","3",6,"PlotBm20_6","Stems 2.5-10 cm DBH","Quercus coccifera",3,7.068583470577034e-4
479,"PlotBm20","b","W2","W2","3",6,"PlotBm20_6","Stems 2.5-10 cm DBH","Quercus coccifera",3,7.068583470577034e-4
480,"PlotBm20","b","W2","W2","3",7,"PlotBm20_7","Stems 2.5-10 cm DBH","Quercus coccifera",8,0.005026548245743669
481,"PlotBm20","b","W2","W2","3",7,"PlotBm20_7","Stems 2.5-10 cm DBH","Quercus coccifera",4,0.0012566370614359172
482,"PlotBm20","b","W2","W2","3",7,"PlotBm20_7","Stems 2.5-10 cm DBH","Quercus coccifera",6,0.0028274333882308137
483,"PlotBm21","b","W2","W2","1",1,"PlotBm21_1","Stems >=10 cm DBH","Quercus pubescens",12,0.011309733552923255
484,"PlotBm21","b","W2","W2","1",2,"PlotBm21_2","Stems 2.5-10 cm DBH","Carpinus orientalis",6,0.0028274333882308137
485,"PlotBm21","b","W2","W2","1",3,"PlotBm21_3","Stems 2.5-10 cm DBH","Quercus coccifera",5,0.001963495408493621
486,"PlotBm21","b","W2","W2","1",4,"PlotBm21_4","Stems >=10 cm DBH","Quercus coccifera",10,0.007853981633974483
487,"PlotBm21","b","W2","W2","1",5,"PlotBm21_5","Stems 2.5-10 cm DBH","Quercus coccifera",4,0.0012566370614359172
488,"PlotBm21","b","W2","W2","1",5,"PlotBm21_5","Stems 2.5-10 cm DBH","Quercus coccifera",3,7.068583470577034e-4
489,"PlotBm21","b","W2","W2","1",5,"PlotBm21_5","Stems 2.5-10 cm DBH","Quercus coccifera",3,7.068583470577034e-4
490,"PlotBm21","b","W2","W2","2",6,"PlotBm21_6","Stems 2.5-10 cm DBH","Quercus coccifera",6,0.0028274333882308137
491,"PlotBm21","b","W2","W2","2",6,"PlotBm21_6","Stems 2.5-10 cm DBH","Quercus coccifera",4,0.0012566370614359172
492,"PlotBm21","b","W2","W2","2",6,"PlotBm21_6","Stems 2.5-10 cm DBH","Quercus coccifera",4,0.0012566370614359172
493,"PlotBm21","b","W2","W2","2",6,"PlotBm21_6","Stems 2.5-10 cm DBH","Quercus coccifera",3,7.068583470577034e-4
494,"PlotBm21","b","W2","W2","2",7,"PlotBm21_7","Stems 2.5-10 cm DBH","Quercus coccifera",4,0.0012566370614359172
495,"PlotBm21","b","W2","W2","2",7,"PlotBm21_7","Stems 2.5-10 cm DBH","Quercus coccifera",4,0.0012566370614359172
496,"PlotBm21","b","W2","W2","3",8,"PlotBm21_8","Stems 2.5-10 cm DBH","Quercus coccifera",3,7.068583470577034e-4
497,"PlotBm21","b","W2","W2","3",9,"PlotBm21_9","Stems 2.5-10 cm DBH","Quercus coccifera",7,0.0038484510006474965
498,"PlotBm21","b","W2","W2","3",9,"PlotBm21_9","Stems 2.5-10 cm DBH","Quercus coccifera",4,0.0012566370614359172
499,"PlotBm21","b","W2","W2","3",9,"PlotBm21_9","Stems 2.5-10 cm DBH","Quercus coccifera",5,0.001963495408493621
500,"PlotBm21","b","W2","W2","3",10,"PlotBm21_10","Stems 2.5-10 cm DBH","Quercus coccifera",3,7.068583470577034e-4
501,"PlotBm21","b","W2","W2","3",10,"PlotBm21_10","Stems 2.5-10 cm DBH","Quercus coccifera",3,7.068583470577034e-4
502,"PlotBm22","b","W2","W2","1",1,"PlotBm22_1","Stems 2.5-10 cm DBH","Quercus coccifera",6,0.0028274333882308137
503,"PlotBm22","b","W2","W2","1",2,"PlotBm22_2","Stems 2.5-10 cm DBH","Quercus coccifera",4,0.0012566370614359172
504,"PlotBm22","b","W2","W2","1",2,"PlotBm22_2","Stems 2.5-10 cm DBH","Quercus coccifera",3,7.068583470577034e-4
505,"PlotBm22","b","W2","W2","1",10,"PlotBm22_10","Stems >=10 cm DBH","Quercus coccifera",10,0.007853981633974483
506,"PlotBm22","b","W2","W2","2",3,"PlotBm22_3","Stems >=10 cm DBH","Quercus coccifera",10,0.007853981633974483
507,"PlotBm22","b","W2","W2","2",3,"PlotBm22_3","Stems 2.5-10 cm DBH","Quercus coccifera",3,7.068583470577034e-4
508,"PlotBm22","b","W2","W2","2",4,"PlotBm22_4","Stems >=10 cm DBH","Quercus coccifera",11,0.009503317777109124
509,"PlotBm22","b","W2","W2","2",4,"PlotBm22_4","Stems >=10 cm DBH","Quercus coccifera",10,0.007853981633974483
510,"PlotBm22","b","W2","W2","2",4,"PlotBm22_4","Stems 2.5-10 cm DBH","Quercus coccifera",9,0.0063617251235193305
511,"PlotBm22","b","W2","W2","2",5,"PlotBm22_5","Stems 2.5-10 cm DBH","Quercus coccifera",5,0.001963495408493621
512,"PlotBm22","b","W2","W2","2",5,"PlotBm22_5","Stems 2.5-10 cm DBH","Quercus coccifera",6,0.0028274333882308137
513,"PlotBm22","b","W2","W2","2",5,"PlotBm22_5","Stems 2.5-10 cm DBH","Quercus coccifera",4,0.0012566370614359172
514,"PlotBm22","b","W2","W2","2",5,"PlotBm22_5","Stems 2.5-10 cm DBH","Quercus coccifera",3,7.068583470577034e-4
515,"PlotBm22","b","W2","W2","2",5,"PlotBm22_5","Stems 2.5-10 cm DBH","Quercus coccifera",3,7.068583470577034e-4
516,"PlotBm22","b","W2","W2","3",6,"PlotBm22_6","Stems 2.5-10 cm DBH","Quercus coccifera",4,0.0012566370614359172
517,"PlotBm22","b","W2","W2","3",6,"PlotBm22_6","Stems 2.5-10 cm DBH","Quercus coccifera",3,7.068583470577034e-4
518,"PlotBm22","b","W2","W2","3",7,"PlotBm22_7","Stems 2.5-10 cm DBH","Quercus coccifera",5,0.001963495408493621
519,"PlotBm22","b","W2","W2","3",8,"PlotBm22_8","Stems 2.5-10 cm DBH","Quercus coccifera",3,7.068583470577034e-4
520,"PlotBm22","b","W2","W2","3",8,"PlotBm22_8","Stems 2.5-10 cm DBH","Quercus coccifera",3,7.068583470577034e-4
521,"PlotBm22","b","W2","W2","3",9,"PlotBm22_9","Stems >=10 cm DBH","Quercus frainetto",12,0.011309733552923255
522,"PlotBm22","b","W2","W2","3",9,"PlotBm22_9","Stems >=10 cm DBH","Quercus frainetto",10,0.007853981633974483
523,"PlotBm23","b","W2","W2","1",1,"PlotBm23_1","Stems 2.5-10 cm DBH","Quercus coccifera",6,0.0028274333882308137
524,"PlotBm23","b","W2","W2","1",1,"PlotBm23_1","Stems 2.5-10 cm DBH","Quercus coccifera",3,7.068583470577034e-4
525,"PlotBm23","b","W2","W2","1",1,"PlotBm23_1","Stems 2.5-10 cm DBH","Quercus coccifera",4,0.0012566370614359172
526,"PlotBm23","b","W2","W2","1",2,"PlotBm23_2","Stems >=10 cm DBH","Phillyrea latifolia",13,0.013273228961416876
527,"PlotBm23","b","W2","W2","1",3,"PlotBm23_3","Stems 2.5-10 cm DBH","Quercus coccifera",4,0.0012566370614359172
528,"PlotBm23","b","W2","W2","1",3,"PlotBm23_3","Stems 2.5-10 cm DBH","Quercus coccifera",4,0.0012566370614359172
529,"PlotBm23","b","W2","W2","1",4,"PlotBm23_4","Stems >=10 cm DBH","Acer campestre",11,0.009503317777109124
530,"PlotBm23","b","W2","W2","1",5,"PlotBm23_5","Stems 2.5-10 cm DBH","Quercus coccifera",3,7.068583470577034e-4
531,"PlotBm23","b","W2","W2","1",5,"PlotBm23_5","Stems 2.5-10 cm DBH","Quercus coccifera",6,0.0028274333882308137
532,"PlotBm23","b","W2","W2","1",5,"PlotBm23_5","Stems 2.5-10 cm DBH","Quercus coccifera",3,7.068583470577034e-4
533,"PlotBm23","b","W2","W2","1",6,"PlotBm23_6","Stems 2.5-10 cm DBH","Quercus coccifera",3,7.068583470577034e-4
534,"PlotBm23","b","W2","W2","1",6,"PlotBm23_6","Stems 2.5-10 cm DBH","Quercus coccifera",3,7.068583470577034e-4
535,"PlotBm23","b","W2","W2","1",6,"PlotBm23_6","Stems 2.5-10 cm DBH","Quercus coccifera",3,7.068583470577034e-4
536,"PlotBm23","b","W2","W2","1",11,"PlotBm23_11","Stems 2.5-10 cm DBH","Fraxinus ornus",7,0.0038484510006474965
537,"PlotBm23","b","W2","W2","2",7,"PlotBm23_7","Stems 2.5-10 cm DBH","Quercus coccifera",6,0.0028274333882308137
538,"PlotBm23","b","W2","W2","2",7,"PlotBm23_7","Stems 2.5-10 cm DBH","Quercus coccifera",5,0.001963495408493621
539,"PlotBm23","b","W2","W2","2",7,"PlotBm23_7","Stems 2.5-10 cm DBH","Quercus coccifera",4,0.0012566370614359172
540,"PlotBm23","b","W2","W2","2",8,"PlotBm23_8","Stems 2.5-10 cm DBH","Quercus coccifera",3,7.068583470577034e-4
541,"PlotBm23","b","W2","W2","2",9,"PlotBm23_9","Stems 2.5-10 cm DBH","Quercus coccifera",5,0.001963495408493621
542,"PlotBm23","b","W2","W2","2",9,"PlotBm23_9","Stems 2.5-10 cm DBH","Quercus coccifera",4,0.0012566370614359172
543,"PlotBm23","b","W2","W2","2",10,"PlotBm23_10","Stems >=10 cm DBH","Quercus coccifera",12,0.011309733552923255
544,"PlotBm23","b","W2","W2","3",12,"PlotBm23_12","Stems 2.5-10 cm DBH","Quercus coccifera",3,7.068583470577034e-4
545,"PlotBm23","b","W2","W2","3",13,"PlotBm23_13","Stems 2.5-10 cm DBH","Quercus coccifera",3,7.068583470577034e-4
546,"PlotBm23","b","W2","W2","3",14,"PlotBm23_14","Stems 2.5-10 cm DBH","Quercus coccifera",6,0.0028274333882308137
547,"PlotBm23","b","W2","W2","3",14,"PlotBm23_14","Stems 2.5-10 cm DBH","Quercus coccifera",4,0.0012566370614359172
548,"PlotBm23","b","W2","W2","3",14,"PlotBm23_14","Stems 2.5-10 cm DBH","Quercus coccifera",3,7.068583470577034e-4
549,"PlotBm23","b","W2","W2","3",15,"PlotBm23_15","Stems >=10 cm DBH","Acer campestre",16,0.020106192982974676
550,"PlotBm24","b","W2","W2","1",1,"PlotBm24_1","Stems >=10 cm DBH","Quercus pubescens",12,0.011309733552923255
551,"PlotBm24","b","W2","W2","1",2,"PlotBm24_2","Stems 2.5-10 cm DBH","Quercus coccifera",4,0.0012566370614359172
552,"PlotBm24","b","W2","W2","1",2,"PlotBm24_2","Stems 2.5-10 cm DBH","Quercus coccifera",3,7.068583470577034e-4
553,"PlotBm24","b","W2","W2","1",3,"PlotBm24_3","Stems 2.5-10 cm DBH","Quercus coccifera",3,7.068583470577034e-4
554,"PlotBm24","b","W2","W2","1",3,"PlotBm24_3","Stems 2.5-10 cm DBH","Quercus coccifera",3,7.068583470577034e-4
555,"PlotBm24","b","W2","W2","1",4,"PlotBm24_4","Stems 2.5-10 cm DBH","Quercus coccifera",3,7.068583470577034e-4
556,"PlotBm24","b","W2","W2","2",5,"PlotBm24_5","Stems 2.5-10 cm DBH","Quercus coccifera",5,0.001963495408493621
557,"PlotBm24","b","W2","W2","2",5,"PlotBm24_5","Stems 2.5-10 cm DBH","Quercus coccifera",5,0.001963495408493621
558,"PlotBm24","b","W2","W2","2",5,"PlotBm24_5","Stems 2.5-10 cm DBH","Quercus coccifera",3,7.068583470577034e-4
559,"PlotBm24","b","W2","W2","2",5,"PlotBm24_5","Stems 2.5-10 cm DBH","Quercus coccifera",3,7.068583470577034e-4
560,"PlotBm24","b","W2","W2","2",6,"PlotBm24_6","Stems 2.5-10 cm DBH","Quercus coccifera",4,0.0012566370614359172
561,"PlotBm24","b","W2","W2","2",6,"PlotBm24_6","Stems 2.5-10 cm DBH","Quercus coccifera",5,0.001963495408493621
562,"PlotBm24","b","W2","W2","2",6,"PlotBm24_6","Stems 2.5-10 cm DBH","Quercus coccifera",3,7.068583470577034e-4
563,"PlotBm24","b","W2","W2","2",6,"PlotBm24_6","Stems 2.5-10 cm DBH","Quercus coccifera",4,0.0012566370614359172
564,"PlotBm24","b","W2","W2","2",6,"PlotBm24_6","Stems 2.5-10 cm DBH","Quercus coccifera",5,0.001963495408493621
565,"PlotBm24","b","W2","W2","2",7,"PlotBm24_7","Stems 2.5-10 cm DBH","Quercus coccifera",3,7.068583470577034e-4
566,"PlotBm24","b","W2","W2","2",7,"PlotBm24_7","Stems 2.5-10 cm DBH","Quercus coccifera",3,7.068583470577034e-4
567,"PlotBm24","b","W2","W2","3",8,"PlotBm24_8","Stems >=10 cm DBH","Quercus pubescens",13,0.013273228961416876
568,"PlotBm24","b","W2","W2","3",9,"PlotBm24_9","Stems >=10 cm DBH","Quercus pubescens",15,0.017671458676442587
569,"PlotBm24","b","W2","W2","3",10,"PlotBm24_10","Stems 2.5-10 cm DBH","Quercus coccifera",4,0.0012566370614359172
570,"PlotBm24","b","W2","W2","3",10,"PlotBm24_10","Stems 2.5-10 cm DBH","Quercus coccifera",3,7.068583470577034e-4
