"plotCode","focalOrBenchmark","landCover","vegClass","stratum","cover"
"Plot1","f","Stratum-U4-1","U4","Herbs & Subshrubs",0
"Plot10","f","Stratum-U4-1","U4","Herbs & Subshrubs",0.025
"Plot100","f","Stratum-W11-2","W11","Herbs & Subshrubs",0
"Plot100","f","Stratum-W11-2","W11","Trees",0.375
"Plot101","f","Stratum-W11-2","W11","Herbs & Subshrubs",0.0825
"Plot101","f","Stratum-W11-2","W11","Shrubs",0
"Plot101","f","Stratum-W11-2","W11","Trees",0
"Plot102","f","Stratum-W11-2","W11","Herbs & Subshrubs",0
"Plot102","f","Stratum-W11-2","W11","Shrubs",0
"Plot102","f","Stratum-W11-2","W11","Trees",0
"Plot103","f","Stratum-W11-2","W11","Herbs & Subshrubs",0
"Plot103","f","Stratum-W11-2","W11","Shrubs",0
"Plot103","f","Stratum-W11-2","W11","Trees",0
"Plot104","f","Stratum-W11-2","W11","Herbs & Subshrubs",0
"Plot104","f","Stratum-W11-2","W11","Shrubs",0
"Plot104","f","Stratum-W11-2","W11","Trees",0
"Plot105","f","Stratum-W11-2","W11","Herbs & Subshrubs",0.05625
"Plot105","f","Stratum-W11-2","W11","Shrubs",0
"Plot105","f","Stratum-W11-2","W11","Trees",0
"Plot106","f","Stratum-W11-2","W11","Herbs & Subshrubs",0
"Plot106","f","Stratum-W11-2","W11","Trees",0.005
"Plot107","f","Stratum-W11-2","W11","Herbs & Subshrubs",0
"Plot107","f","Stratum-W11-2","W11","Shrubs",0
"Plot107","f","Stratum-W11-2","W11","Trees",0
"Plot108","f","Stratum-W11-2","W11","Herbs & Subshrubs",0
"Plot108","f","Stratum-W11-2","W11","Shrubs",0
"Plot108","f","Stratum-W11-2","W11","Trees",0
"Plot11","f","Stratum-U4-1","U4","Herbs & Subshrubs",0.0875
"Plot12","f","Stratum-U4-1","U4","Herbs & Subshrubs",0
"Plot121","f","Stratum-W10-1","W10","Herbs & Subshrubs",0
"Plot121","f","Stratum-W10-1","W10","Shrubs",0
"Plot121","f","Stratum-W10-1","W10","Trees",0
"Plot122","f","Stratum-W10-1","W10","Herbs & Subshrubs",0.005
"Plot122","f","Stratum-W10-1","W10","Shrubs",0
"Plot122","f","Stratum-W10-1","W10","Trees",0
"Plot123","f","Stratum-W10-1","W10","Herbs & Subshrubs",0
"Plot123","f","Stratum-W10-1","W10","Shrubs",0
"Plot123","f","Stratum-W10-1","W10","Trees",0
"Plot124","f","Stratum-W10-1","W10","Herbs & Subshrubs",0
"Plot124","f","Stratum-W10-1","W10","Trees",0
"Plot125","f","Stratum-W10-1","W10","Herbs & Subshrubs",0
"Plot125","f","Stratum-W10-1","W10","Shrubs",0
"Plot125","f","Stratum-W10-1","W10","Trees",0
"Plot126","f","Stratum-W10-1","W10","Herbs & Subshrubs",0
"Plot126","f","Stratum-W10-1","W10","Shrubs",0
"Plot126","f","Stratum-W10-1","W10","Trees",0
"Plot127","f","Stratum-W10-1","W10","Herbs & Subshrubs",0
"Plot127","f","Stratum-W10-1","W10","Shrubs",0
"Plot127","f","Stratum-W10-1","W10","Trees",0
"Plot128","f","Stratum-W10-1","W10","Herbs & Subshrubs",0
"Plot128","f","Stratum-W10-1","W10","Shrubs",0
"Plot128","f","Stratum-W10-1","W10","Trees",0
"Plot129","f","Stratum-W10-1","W10","Herbs & Subshrubs",0
"Plot129","f","Stratum-W10-1","W10","Shrubs",0
"Plot129","f","Stratum-W10-1","W10","Trees",0
"Plot130","f","Stratum-W10-1","W10","Herbs & Subshrubs",0
"Plot130","f","Stratum-W10-1","W10","Shrubs",0
"Plot130","f","Stratum-W10-1","W10","Trees",0
"Plot131","f","Stratum-W10-1","W10","Herbs & Subshrubs",0
"Plot131","f","Stratum-W10-1","W10","Shrubs",0
"Plot131","f","Stratum-W10-1","W10","Trees",0
"Plot132","f","Stratum-W10-1","W10","Herbs & Subshrubs",0
"Plot132","f","Stratum-W10-1","W10","Shrubs",0
"Plot132","f","Stratum-W10-1","W10","Trees",0
"Plot145","f","Stratum-W17-1","W17","Herbs & Subshrubs",0
"Plot145","f","Stratum-W17-1","W17","Trees",0
"Plot146","f","Stratum-W17-1","W17","Herbs & Subshrubs",0
"Plot146","f","Stratum-W17-1","W17","Trees",0
"Plot147","f","Stratum-W17-1","W17","Herbs & Subshrubs",0
"Plot148","f","Stratum-W17-1","W17","Herbs & Subshrubs",0
"Plot149","f","Stratum-W17-1","W17","Herbs & Subshrubs",0
"Plot150","f","Stratum-W17-1","W17","Herbs & Subshrubs",0
"Plot150","f","Stratum-W17-1","W17","Shrubs",0
"Plot150","f","Stratum-W17-1","W17","Trees",0
"Plot151","f","Stratum-W17-1","W17","Herbs & Subshrubs",0
"Plot152","f","Stratum-W17-1","W17","Herbs & Subshrubs",0
"Plot153","f","Stratum-W17-1","W17","Herbs & Subshrubs",0
"Plot153","f","Stratum-W17-1","W17","Trees",0
"Plot154","f","Stratum-W17-1","W17","Herbs & Subshrubs",0
"Plot155","f","Stratum-W17-1","W17","Herbs & Subshrubs",0
"Plot155","f","Stratum-W17-1","W17","Trees",0
"Plot156","f","Stratum-W17-1","W17","Herbs & Subshrubs",0
"Plot156","f","Stratum-W17-1","W17","Trees",0
"Plot169","f","Stratum-W21-1","W21","Herbs & Subshrubs",0
"Plot169","f","Stratum-W21-1","W21","Shrubs",0
"Plot170","f","Stratum-W21-1","W21","Herbs & Subshrubs",0
"Plot170","f","Stratum-W21-1","W21","Shrubs",0
"Plot171","f","Stratum-W21-1","W21","Herbs & Subshrubs",0
"Plot171","f","Stratum-W21-1","W21","Shrubs",0
"Plot172","f","Stratum-W21-1","W21","Herbs & Subshrubs",0
"Plot172","f","Stratum-W21-1","W21","Shrubs",0
"Plot173","f","Stratum-W21-1","W21","Herbs & Subshrubs",0
"Plot173","f","Stratum-W21-1","W21","Shrubs",0
"Plot173","f","Stratum-W21-1","W21","Trees",0
"Plot174","f","Stratum-W21-1","W21","Herbs & Subshrubs",0
"Plot174","f","Stratum-W21-1","W21","Shrubs",0
"Plot174","f","Stratum-W21-1","W21","Trees",0
"Plot175","f","Stratum-W21-1","W21","Herbs & Subshrubs",0
"Plot175","f","Stratum-W21-1","W21","Shrubs",0
"Plot175","f","Stratum-W21-1","W21","Trees",0
"Plot176","f","Stratum-W21-1","W21","Herbs & Subshrubs",0
"Plot177","f","Stratum-W21-1","W21","Herbs & Subshrubs",0
"Plot177","f","Stratum-W21-1","W21","Shrubs",0
"Plot177","f","Stratum-W21-1","W21","Trees",0
"Plot178","f","Stratum-W21-1","W21","Herbs & Subshrubs",0
"Plot178","f","Stratum-W21-1","W21","Shrubs",0
"Plot178","f","Stratum-W21-1","W21","Trees",0
"Plot179","f","Stratum-W21-1","W21","Herbs & Subshrubs",0
"Plot179","f","Stratum-W21-1","W21","Shrubs",0
"Plot179","f","Stratum-W21-1","W21","Trees",0
"Plot180","f","Stratum-W21-1","W21","Herbs & Subshrubs",0
"Plot180","f","Stratum-W21-1","W21","Shrubs",0
"Plot180","f","Stratum-W21-1","W21","Trees",0
"Plot193","f","Stratum-W2-1","W2","Herbs & Subshrubs",0
"Plot193","f","Stratum-W2-1","W2","Shrubs",0
"Plot193","f","Stratum-W2-1","W2","Trees",0
"Plot194","f","Stratum-W2-1","W2","Herbs & Subshrubs",0.005
"Plot195","f","Stratum-W2-1","W2","Herbs & Subshrubs",0
"Plot195","f","Stratum-W2-1","W2","Shrubs",0
"Plot195","f","Stratum-W2-1","W2","Trees",0
"Plot196","f","Stratum-W2-1","W2","Herbs & Subshrubs",0
"Plot196","f","Stratum-W2-1","W2","Shrubs",0
"Plot197","f","Stratum-W2-1","W2","Herbs & Subshrubs",0
"Plot197","f","Stratum-W2-1","W2","Shrubs",0
"Plot198","f","Stratum-W2-1","W2","Herbs & Subshrubs",0
"Plot198","f","Stratum-W2-1","W2","Shrubs",0
"Plot199","f","Stratum-W2-1","W2","Herbs & Subshrubs",0
"Plot2","f","Stratum-U4-1","U4","Herbs & Subshrubs",0
"Plot200","f","Stratum-W2-1","W2","Herbs & Subshrubs",0
"Plot200","f","Stratum-W2-1","W2","Shrubs",0
"Plot200","f","Stratum-W2-1","W2","Trees",0
"Plot201","f","Stratum-W2-1","W2","Herbs & Subshrubs",0
"Plot201","f","Stratum-W2-1","W2","Shrubs",0
"Plot201","f","Stratum-W2-1","W2","Trees",0
"Plot202","f","Stratum-W2-1","W2","Herbs & Subshrubs",0
"Plot202","f","Stratum-W2-1","W2","Shrubs",0
"Plot203","f","Stratum-W2-1","W2","Herbs & Subshrubs",0
"Plot203","f","Stratum-W2-1","W2","Shrubs",0
"Plot203","f","Stratum-W2-1","W2","Trees",0
"Plot204","f","Stratum-W2-1","W2","Herbs & Subshrubs",0
"Plot204","f","Stratum-W2-1","W2","Shrubs",0
"Plot204","f","Stratum-W2-1","W2","Trees",0
"Plot217","f","Stratum-U17-1","U17","Herbs & Subshrubs",0
"Plot217","f","Stratum-U17-1","U17","Shrubs",0
"Plot217","f","Stratum-U17-1","U17","Trees",0
"Plot218","f","Stratum-U17-1","U17","Herbs & Subshrubs",2.5e-4
"Plot218","f","Stratum-U17-1","U17","Shrubs",0
"Plot218","f","Stratum-U17-1","U17","Trees",0
"Plot219","f","Stratum-U17-1","U17","Herbs & Subshrubs",0.01
"Plot220","f","Stratum-U17-1","U17","Herbs & Subshrubs",0
"Plot220","f","Stratum-U17-1","U17","Trees",0
"Plot221","f","Stratum-U17-1","U17","Herbs & Subshrubs",0.0075
"Plot222","f","Stratum-U17-1","U17","Herbs & Subshrubs",0
"Plot222","f","Stratum-U17-1","U17","Shrubs",0
"Plot222","f","Stratum-U17-1","U17","Trees",0
"Plot223","f","Stratum-U17-1","U17","Herbs & Subshrubs",0
"Plot223","f","Stratum-U17-1","U17","Shrubs",0
"Plot223","f","Stratum-U17-1","U17","Trees",0
"Plot224","f","Stratum-U17-1","U17","Herbs & Subshrubs",0.00125
"Plot224","f","Stratum-U17-1","U17","Shrubs",0
"Plot224","f","Stratum-U17-1","U17","Trees",0
"Plot225","f","Stratum-U17-1","U17","Herbs & Subshrubs",0
"Plot225","f","Stratum-U17-1","U17","Shrubs",0
"Plot225","f","Stratum-U17-1","U17","Trees",0
"Plot226","f","Stratum-U17-1","U17","Herbs & Subshrubs",2.5e-4
"Plot226","f","Stratum-U17-1","U17","Shrubs",0
"Plot226","f","Stratum-U17-1","U17","Trees",0
"Plot227","f","Stratum-U17-1","U17","Herbs & Subshrubs",0.00125
"Plot227","f","Stratum-U17-1","U17","Shrubs",0
"Plot227","f","Stratum-U17-1","U17","Trees",0
"Plot228","f","Stratum-U17-1","U17","Herbs & Subshrubs",0
"Plot228","f","Stratum-U17-1","U17","Trees",0
"Plot229","f","Stratum-U16-1","U16","Herbs & Subshrubs",0
"Plot229","f","Stratum-U16-1","U16","Shrubs",0
"Plot229","f","Stratum-U16-1","U16","Trees",0
"Plot230","f","Stratum-U16-1","U16","Herbs & Subshrubs",0
"Plot230","f","Stratum-U16-1","U16","Shrubs",0
"Plot230","f","Stratum-U16-1","U16","Trees",0
"Plot231","f","Stratum-U16-1","U16","Herbs & Subshrubs",0
"Plot232","f","Stratum-U16-1","U16","Herbs & Subshrubs",0
"Plot233","f","Stratum-U16-1","U16","Herbs & Subshrubs",0
"Plot233","f","Stratum-U16-1","U16","Shrubs",0
"Plot233","f","Stratum-U16-1","U16","Trees",0
"Plot234","f","Stratum-U16-1","U16","Herbs & Subshrubs",0
"Plot234","f","Stratum-U16-1","U16","Shrubs",0
"Plot235","f","Stratum-U16-1","U16","Herbs & Subshrubs",0.00125
"Plot235","f","Stratum-U16-1","U16","Shrubs",0
"Plot235","f","Stratum-U16-1","U16","Trees",0
"Plot236","f","Stratum-U16-1","U16","Herbs & Subshrubs",0
"Plot236","f","Stratum-U16-1","U16","Shrubs",0
"Plot236","f","Stratum-U16-1","U16","Trees",0
"Plot237","f","Stratum-U16-1","U16","Herbs & Subshrubs",0
"Plot237","f","Stratum-U16-1","U16","Shrubs",0
"Plot237","f","Stratum-U16-1","U16","Trees",0
"Plot238","f","Stratum-U16-1","U16","Herbs & Subshrubs",0
"Plot238","f","Stratum-U16-1","U16","Shrubs",0
"Plot238","f","Stratum-U16-1","U16","Trees",0
"Plot239","f","Stratum-U16-1","U16","Herbs & Subshrubs",0
"Plot239","f","Stratum-U16-1","U16","Shrubs",0
"Plot239","f","Stratum-U16-1","U16","Trees",0
"Plot240","f","Stratum-U16-1","U16","Herbs & Subshrubs",0
"Plot240","f","Stratum-U16-1","U16","Shrubs",0
"Plot240","f","Stratum-U16-1","U16","Trees",0
"Plot25","f","Stratum-U4-2","U4","Herbs & Subshrubs",0.04875
"Plot26","f","Stratum-U4-2","U4","Herbs & Subshrubs",0
"Plot265","f","Stratum-U16-2","U16","Herbs & Subshrubs",0
"Plot265","f","Stratum-U16-2","U16","Shrubs",0
"Plot265","f","Stratum-U16-2","U16","Trees",0
"Plot266","f","Stratum-U16-2","U16","Herbs & Subshrubs",0
"Plot266","f","Stratum-U16-2","U16","Shrubs",0
"Plot266","f","Stratum-U16-2","U16","Trees",0
"Plot267","f","Stratum-U16-2","U16","Herbs & Subshrubs",0
"Plot267","f","Stratum-U16-2","U16","Shrubs",0
"Plot267","f","Stratum-U16-2","U16","Trees",0
"Plot268","f","Stratum-U16-2","U16","Herbs & Subshrubs",0
"Plot268","f","Stratum-U16-2","U16","Shrubs",0
"Plot268","f","Stratum-U16-2","U16","Trees",0
"Plot269","f","Stratum-U16-2","U16","Herbs & Subshrubs",0
"Plot269","f","Stratum-U16-2","U16","Shrubs",0
"Plot269","f","Stratum-U16-2","U16","Trees",0
"Plot27","f","Stratum-U4-2","U4","Herbs & Subshrubs",0.015
"Plot270","f","Stratum-U16-2","U16","Herbs & Subshrubs",0
"Plot270","f","Stratum-U16-2","U16","Shrubs",0
"Plot270","f","Stratum-U16-2","U16","Trees",0
"Plot271","f","Stratum-U16-2","U16","Herbs & Subshrubs",0
"Plot271","f","Stratum-U16-2","U16","Shrubs",0
"Plot271","f","Stratum-U16-2","U16","Trees",0
"Plot272","f","Stratum-U16-2","U16","Herbs & Subshrubs",0
"Plot272","f","Stratum-U16-2","U16","Shrubs",0
"Plot272","f","Stratum-U16-2","U16","Trees",0
"Plot273","f","Stratum-U16-2","U16","Herbs & Subshrubs",0
"Plot273","f","Stratum-U16-2","U16","Shrubs",0
"Plot273","f","Stratum-U16-2","U16","Trees",0
"Plot274","f","Stratum-U16-2","U16","Herbs & Subshrubs",0
"Plot274","f","Stratum-U16-2","U16","Shrubs",0
"Plot274","f","Stratum-U16-2","U16","Trees",0
"Plot275","f","Stratum-U16-2","U16","Herbs & Subshrubs",0
"Plot275","f","Stratum-U16-2","U16","Shrubs",0
"Plot275","f","Stratum-U16-2","U16","Trees",0
"Plot276","f","Stratum-U16-2","U16","Herbs & Subshrubs",0
"Plot276","f","Stratum-U16-2","U16","Shrubs",0
"Plot276","f","Stratum-U16-2","U16","Trees",0
"Plot28","f","Stratum-U4-2","U4","Herbs & Subshrubs",0.12125
"Plot289","f","Stratum-M24-1","M24","Herbs & Subshrubs",0
"Plot29","f","Stratum-U4-2","U4","Herbs & Subshrubs",0.02375
"Plot290","f","Stratum-M24-1","M24","Herbs & Subshrubs",0
"Plot291","f","Stratum-M24-1","M24","Herbs & Subshrubs",0
"Plot292","f","Stratum-M24-1","M24","Herbs & Subshrubs",0
"Plot293","f","Stratum-M24-1","M24","Herbs & Subshrubs",0
"Plot294","f","Stratum-M24-1","M24","Herbs & Subshrubs",0
"Plot295","f","Stratum-M24-1","M24","Herbs & Subshrubs",0
"Plot296","f","Stratum-M24-1","M24","Herbs & Subshrubs",0
"Plot297","f","Stratum-M24-1","M24","Herbs & Subshrubs",0
"Plot298","f","Stratum-M24-1","M24","Herbs & Subshrubs",0
"Plot299","f","Stratum-M24-1","M24","Herbs & Subshrubs",0
"Plot3","f","Stratum-U4-1","U4","Herbs & Subshrubs",0
"Plot30","f","Stratum-U4-2","U4","Herbs & Subshrubs",0
"Plot300","f","Stratum-M24-1","M24","Herbs & Subshrubs",0.0725
"Plot31","f","Stratum-U4-2","U4","Herbs & Subshrubs",0.03
"Plot313","f","Stratum-W12-1","W12","Herbs & Subshrubs",0.02125
"Plot313","f","Stratum-W12-1","W12","Shrubs",0
"Plot313","f","Stratum-W12-1","W12","Trees",0
"Plot314","f","Stratum-W12-1","W12","Herbs & Subshrubs",0.125
"Plot314","f","Stratum-W12-1","W12","Shrubs",0
"Plot314","f","Stratum-W12-1","W12","Trees",0
"Plot315","f","Stratum-W12-1","W12","Herbs & Subshrubs",0
"Plot315","f","Stratum-W12-1","W12","Shrubs",0
"Plot315","f","Stratum-W12-1","W12","Trees",0
"Plot316","f","Stratum-W12-1","W12","Herbs & Subshrubs",0
"Plot316","f","Stratum-W12-1","W12","Shrubs",0
"Plot316","f","Stratum-W12-1","W12","Trees",0
"Plot317","f","Stratum-W12-1","W12","Herbs & Subshrubs",0
"Plot317","f","Stratum-W12-1","W12","Trees",0
"Plot318","f","Stratum-W12-1","W12","Herbs & Subshrubs",0
"Plot318","f","Stratum-W12-1","W12","Shrubs",0
"Plot318","f","Stratum-W12-1","W12","Trees",0
"Plot319","f","Stratum-W12-1","W12","Herbs & Subshrubs",0
"Plot319","f","Stratum-W12-1","W12","Shrubs",0
"Plot319","f","Stratum-W12-1","W12","Trees",0
"Plot32","f","Stratum-U4-2","U4","Herbs & Subshrubs",0.0975
"Plot320","f","Stratum-W12-1","W12","Herbs & Subshrubs",0
"Plot320","f","Stratum-W12-1","W12","Shrubs",0
"Plot320","f","Stratum-W12-1","W12","Trees",0
"Plot321","f","Stratum-W12-1","W12","Herbs & Subshrubs",0
"Plot321","f","Stratum-W12-1","W12","Trees",0
"Plot322","f","Stratum-W12-1","W12","Herbs & Subshrubs",0
"Plot322","f","Stratum-W12-1","W12","Shrubs",0
"Plot322","f","Stratum-W12-1","W12","Trees",0
"Plot323","f","Stratum-W12-1","W12","Herbs & Subshrubs",0
"Plot323","f","Stratum-W12-1","W12","Shrubs",0
"Plot323","f","Stratum-W12-1","W12","Trees",0
"Plot324","f","Stratum-W12-1","W12","Herbs & Subshrubs",0
"Plot324","f","Stratum-W12-1","W12","Trees",0
"Plot33","f","Stratum-U4-2","U4","Herbs & Subshrubs",0.01
"Plot337","f","Stratum-W18-1","W18","Herbs & Subshrubs",0
"Plot337","f","Stratum-W18-1","W18","Shrubs",0
"Plot337","f","Stratum-W18-1","W18","Trees",0
"Plot338","f","Stratum-W18-1","W18","Herbs & Subshrubs",0
"Plot338","f","Stratum-W18-1","W18","Shrubs",0
"Plot338","f","Stratum-W18-1","W18","Trees",0
"Plot339","f","Stratum-W18-1","W18","Herbs & Subshrubs",0
"Plot339","f","Stratum-W18-1","W18","Trees",0
"Plot34","f","Stratum-U4-2","U4","Herbs & Subshrubs",0.00125
"Plot340","f","Stratum-W18-1","W18","Herbs & Subshrubs",0
"Plot340","f","Stratum-W18-1","W18","Shrubs",0
"Plot340","f","Stratum-W18-1","W18","Trees",0
"Plot341","f","Stratum-W18-1","W18","Herbs & Subshrubs",0
"Plot341","f","Stratum-W18-1","W18","Shrubs",0
"Plot341","f","Stratum-W18-1","W18","Trees",0
"Plot342","f","Stratum-W18-1","W18","Herbs & Subshrubs",0
"Plot342","f","Stratum-W18-1","W18","Shrubs",0
"Plot342","f","Stratum-W18-1","W18","Trees",0
"Plot343","f","Stratum-W18-1","W18","Herbs & Subshrubs",0
"Plot343","f","Stratum-W18-1","W18","Shrubs",0
"Plot343","f","Stratum-W18-1","W18","Trees",0
"Plot344","f","Stratum-W18-1","W18","Herbs & Subshrubs",0
"Plot344","f","Stratum-W18-1","W18","Shrubs",0
"Plot345","f","Stratum-W18-1","W18","Herbs & Subshrubs",0
"Plot345","f","Stratum-W18-1","W18","Shrubs",0
"Plot345","f","Stratum-W18-1","W18","Trees",0
"Plot346","f","Stratum-W18-1","W18","Herbs & Subshrubs",0
"Plot346","f","Stratum-W18-1","W18","Shrubs",0
"Plot346","f","Stratum-W18-1","W18","Trees",0
"Plot347","f","Stratum-W18-1","W18","Herbs & Subshrubs",0
"Plot347","f","Stratum-W18-1","W18","Shrubs",0
"Plot347","f","Stratum-W18-1","W18","Trees",0
"Plot348","f","Stratum-W18-1","W18","Herbs & Subshrubs",0
"Plot348","f","Stratum-W18-1","W18","Shrubs",0
"Plot348","f","Stratum-W18-1","W18","Trees",0
"Plot35","f","Stratum-U4-2","U4","Herbs & Subshrubs",0
"Plot36","f","Stratum-U4-2","U4","Herbs & Subshrubs",0
"Plot361","f","Stratum-W16-1","W16","Herbs & Subshrubs",0
"Plot361","f","Stratum-W16-1","W16","Shrubs",0
"Plot361","f","Stratum-W16-1","W16","Trees",0
"Plot362","f","Stratum-W16-1","W16","Herbs & Subshrubs",0
"Plot362","f","Stratum-W16-1","W16","Shrubs",0
"Plot362","f","Stratum-W16-1","W16","Trees",0
"Plot363","f","Stratum-W16-1","W16","Herbs & Subshrubs",0
"Plot363","f","Stratum-W16-1","W16","Shrubs",0
"Plot363","f","Stratum-W16-1","W16","Trees",0
"Plot364","f","Stratum-W16-1","W16","Herbs & Subshrubs",0
"Plot364","f","Stratum-W16-1","W16","Shrubs",0
"Plot364","f","Stratum-W16-1","W16","Trees",0
"Plot365","f","Stratum-W16-1","W16","Herbs & Subshrubs",0
"Plot365","f","Stratum-W16-1","W16","Shrubs",0
"Plot365","f","Stratum-W16-1","W16","Trees",0
"Plot366","f","Stratum-W16-1","W16","Herbs & Subshrubs",0
"Plot366","f","Stratum-W16-1","W16","Trees",0
"Plot367","f","Stratum-W16-1","W16","Herbs & Subshrubs",0
"Plot367","f","Stratum-W16-1","W16","Shrubs",0
"Plot367","f","Stratum-W16-1","W16","Trees",0
"Plot368","f","Stratum-W16-1","W16","Herbs & Subshrubs",0
"Plot369","f","Stratum-W16-1","W16","Herbs & Subshrubs",0
"Plot369","f","Stratum-W16-1","W16","Trees",0
"Plot370","f","Stratum-W16-1","W16","Herbs & Subshrubs",0
"Plot370","f","Stratum-W16-1","W16","Shrubs",0
"Plot370","f","Stratum-W16-1","W16","Trees",0
"Plot371","f","Stratum-W16-1","W16","Herbs & Subshrubs",0
"Plot371","f","Stratum-W16-1","W16","Trees",0
"Plot372","f","Stratum-W16-1","W16","Herbs & Subshrubs",0
"Plot372","f","Stratum-W16-1","W16","Shrubs",0
"Plot4","f","Stratum-U4-1","U4","Herbs & Subshrubs",0
"Plot49","f","Stratum-W11-2","W11","Herbs & Subshrubs",0.00125
"Plot5","f","Stratum-U4-1","U4","Herbs & Subshrubs",0
"Plot50","f","Stratum-W11-2","W11","Herbs & Subshrubs",0
"Plot51","f","Stratum-W11-2","W11","Herbs & Subshrubs",0.00125
"Plot52","f","Stratum-W11-2","W11","Herbs & Subshrubs",0.005
"Plot53","f","Stratum-W11-2","W11","Herbs & Subshrubs",0
"Plot54","f","Stratum-W11-2","W11","Herbs & Subshrubs",0
"Plot55","f","Stratum-W11-2","W11","Herbs & Subshrubs",0
"Plot56","f","Stratum-W12-1","W12","Herbs & Subshrubs",0
"Plot57","f","Stratum-W11-2","W11","Herbs & Subshrubs",0
"Plot58","f","Stratum-W10-1","W10","Herbs & Subshrubs",0
"Plot59","f","Stratum-W10-1","W10","Herbs & Subshrubs",0
"Plot6","f","Stratum-U4-1","U4","Herbs & Subshrubs",0
"Plot60","f","Stratum-W10-1","W10","Herbs & Subshrubs",0
"Plot7","f","Stratum-U4-1","U4","Herbs & Subshrubs",0
"Plot73","f","Stratum-W11-1","W11","Herbs & Subshrubs",0
"Plot73","f","Stratum-W11-1","W11","Shrubs",0
"Plot73","f","Stratum-W11-1","W11","Trees",0
"Plot74","f","Stratum-W11-1","W11","Herbs & Subshrubs",0
"Plot74","f","Stratum-W11-1","W11","Shrubs",0
"Plot75","f","Stratum-W11-1","W11","Herbs & Subshrubs",0
"Plot75","f","Stratum-W11-1","W11","Shrubs",0
"Plot75","f","Stratum-W11-1","W11","Trees",0
"Plot76","f","Stratum-W11-1","W11","Herbs & Subshrubs",0
"Plot76","f","Stratum-W11-1","W11","Shrubs",0
"Plot76","f","Stratum-W11-1","W11","Trees",0
"Plot77","f","Stratum-W11-1","W11","Herbs & Subshrubs",0
"Plot77","f","Stratum-W11-1","W11","Shrubs",0
"Plot77","f","Stratum-W11-1","W11","Trees",0
"Plot78","f","Stratum-W11-1","W11","Herbs & Subshrubs",0
"Plot78","f","Stratum-W11-1","W11","Shrubs",0
"Plot78","f","Stratum-W11-1","W11","Trees",0
"Plot79","f","Stratum-W11-1","W11","Herbs & Subshrubs",0
"Plot79","f","Stratum-W11-1","W11","Shrubs",0
"Plot79","f","Stratum-W11-1","W11","Trees",0
"Plot8","f","Stratum-U4-1","U4","Herbs & Subshrubs",0
"Plot80","f","Stratum-W11-1","W11","Herbs & Subshrubs",0
"Plot80","f","Stratum-W11-1","W11","Trees",0
"Plot81","f","Stratum-W11-1","W11","Herbs & Subshrubs",0
"Plot81","f","Stratum-W11-1","W11","Shrubs",0
"Plot81","f","Stratum-W11-1","W11","Trees",0
"Plot82","f","Stratum-W11-1","W11","Herbs & Subshrubs",0
"Plot82","f","Stratum-W11-1","W11","Shrubs",0
"Plot82","f","Stratum-W11-1","W11","Trees",0
"Plot83","f","Stratum-W11-1","W11","Herbs & Subshrubs",0
"Plot83","f","Stratum-W11-1","W11","Trees",0
"Plot84","f","Stratum-W11-1","W11","Herbs & Subshrubs",0
"Plot84","f","Stratum-W11-1","W11","Shrubs",0
"Plot84","f","Stratum-W11-1","W11","Trees",0
"Plot9","f","Stratum-U4-1","U4","Herbs & Subshrubs",0
"Plot97","f","Stratum-W11-2","W11","Herbs & Subshrubs",0
"Plot97","f","Stratum-W11-2","W11","Shrubs",0
"Plot97","f","Stratum-W11-2","W11","Trees",0
"Plot98","f","Stratum-W11-2","W11","Herbs & Subshrubs",0
"Plot98","f","Stratum-W11-2","W11","Trees",0
"Plot99","f","Stratum-W11-2","W11","Herbs & Subshrubs",0.04625
"Plot99","f","Stratum-W11-2","W11","Shrubs",0
"Plot99","f","Stratum-W11-2","W11","Trees",0
"PlotBm1","b","W21","W21","Herbs & Subshrubs",0
"PlotBm10","b","W21","W21","Herbs & Subshrubs",0
"PlotBm100","b","W17","W17","Herbs & Subshrubs",0
"PlotBm100","b","W17","W17","Trees",0
"PlotBm101","b","W17","W17","Herbs & Subshrubs",0.005
"PlotBm101","b","W17","W17","Shrubs",0
"PlotBm101","b","W17","W17","Trees",0
"PlotBm102","b","W17","W17","Herbs & Subshrubs",0.005
"PlotBm102","b","W17","W17","Trees",0
"PlotBm103","b","W17","W17","Herbs & Subshrubs",0
"PlotBm103","b","W17","W17","Trees",0
"PlotBm104","b","W17","W17","Herbs & Subshrubs",0
"PlotBm104","b","W17","W17","Trees",0
"PlotBm105","b","W17","W17","Herbs & Subshrubs",0
"PlotBm105","b","W17","W17","Trees",0
"PlotBm106","b","W17","W17","Herbs & Subshrubs",0
"PlotBm106","b","W17","W17","Trees",0
"PlotBm107","b","W17","W17","Herbs & Subshrubs",0
"PlotBm107","b","W17","W17","Trees",0
"PlotBm108","b","W17","W17","Herbs & Subshrubs",0
"PlotBm108","b","W17","W17","Trees",0
"PlotBm109","b","W11","W11","Herbs & Subshrubs",0
"PlotBm109","b","W11","W11","Trees",0
"PlotBm11","b","W21","W21","Herbs & Subshrubs",0
"PlotBm110","b","W11","W11","Herbs & Subshrubs",0.02625
"PlotBm110","b","W11","W11","Trees",0
"PlotBm111","b","W11","W11","Herbs & Subshrubs",0.00125
"PlotBm111","b","W11","W11","Trees",0
"PlotBm112","b","W11","W11","Herbs & Subshrubs",0
"PlotBm112","b","W11","W11","Shrubs",0
"PlotBm112","b","W11","W11","Trees",0
"PlotBm113","b","W11","W11","Herbs & Subshrubs",0
"PlotBm113","b","W11","W11","Trees",0
"PlotBm114","b","W11","W11","Herbs & Subshrubs",0
"PlotBm114","b","W11","W11","Shrubs",0
"PlotBm114","b","W11","W11","Trees",0
"PlotBm115","b","W11","W11","Herbs & Subshrubs",0
"PlotBm115","b","W11","W11","Trees",0
"PlotBm116","b","W11","W11","Herbs & Subshrubs",0
"PlotBm116","b","W11","W11","Shrubs",0
"PlotBm116","b","W11","W11","Trees",0
"PlotBm117","b","W11","W11","Herbs & Subshrubs",0.0025
"PlotBm117","b","W11","W11","Shrubs",0
"PlotBm117","b","W11","W11","Trees",0
"PlotBm118","b","W11","W11","Herbs & Subshrubs",0
"PlotBm118","b","W11","W11","Trees",0
"PlotBm119","b","W11","W11","Herbs & Subshrubs",0
"PlotBm119","b","W11","W11","Trees",0
"PlotBm12","b","W21","W21","Herbs & Subshrubs",0
"PlotBm120","b","W11","W11","Herbs & Subshrubs",0
"PlotBm120","b","W11","W11","Trees",0
"PlotBm121","b","W10","W10","Herbs & Subshrubs",0
"PlotBm121","b","W10","W10","Shrubs",0
"PlotBm121","b","W10","W10","Trees",0
"PlotBm122","b","W10","W10","Herbs & Subshrubs",0
"PlotBm122","b","W10","W10","Trees",0
"PlotBm123","b","W10","W10","Herbs & Subshrubs",0
"PlotBm123","b","W10","W10","Trees",0
"PlotBm124","b","W10","W10","Herbs & Subshrubs",0
"PlotBm124","b","W10","W10","Trees",0
"PlotBm125","b","W10","W10","Herbs & Subshrubs",0
"PlotBm125","b","W10","W10","Trees",0
"PlotBm126","b","W10","W10","Herbs & Subshrubs",0
"PlotBm126","b","W10","W10","Shrubs",0
"PlotBm126","b","W10","W10","Trees",0
"PlotBm127","b","W10","W10","Herbs & Subshrubs",0
"PlotBm127","b","W10","W10","Shrubs",0
"PlotBm127","b","W10","W10","Trees",0
"PlotBm128","b","W10","W10","Herbs & Subshrubs",0
"PlotBm128","b","W10","W10","Shrubs",0
"PlotBm128","b","W10","W10","Trees",0
"PlotBm129","b","W10","W10","Herbs & Subshrubs",0
"PlotBm129","b","W10","W10","Shrubs",0
"PlotBm129","b","W10","W10","Trees",0
"PlotBm13","b","W2","W2","Herbs & Subshrubs",0
"PlotBm13","b","W2","W2","Shrubs",0
"PlotBm13","b","W2","W2","Trees",0
"PlotBm130","b","W10","W10","Herbs & Subshrubs",0
"PlotBm130","b","W10","W10","Shrubs",0
"PlotBm130","b","W10","W10","Trees",0
"PlotBm131","b","W10","W10","Herbs & Subshrubs",0
"PlotBm131","b","W10","W10","Shrubs",0
"PlotBm131","b","W10","W10","Trees",0
"PlotBm132","b","W10","W10","Herbs & Subshrubs",0
"PlotBm132","b","W10","W10","Shrubs",0
"PlotBm132","b","W10","W10","Trees",0
"PlotBm133","b","W10","W10","Herbs & Subshrubs",0
"PlotBm133","b","W10","W10","Trees",0
"PlotBm134","b","W16","W16","Herbs & Subshrubs",0
"PlotBm134","b","W16","W16","Shrubs",0
"PlotBm134","b","W16","W16","Trees",0
"PlotBm135","b","W16","W16","Herbs & Subshrubs",0
"PlotBm135","b","W16","W16","Shrubs",0
"PlotBm135","b","W16","W16","Trees",0
"PlotBm136","b","W16","W16","Herbs & Subshrubs",0
"PlotBm136","b","W16","W16","Shrubs",0
"PlotBm136","b","W16","W16","Trees",0
"PlotBm137","b","W16","W16","Herbs & Subshrubs",0
"PlotBm137","b","W16","W16","Shrubs",0
"PlotBm137","b","W16","W16","Trees",0
"PlotBm138","b","W16","W16","Herbs & Subshrubs",0
"PlotBm138","b","W16","W16","Shrubs",0
"PlotBm139","b","W16","W16","Herbs & Subshrubs",0
"PlotBm139","b","W16","W16","Shrubs",0
"PlotBm139","b","W16","W16","Trees",0
"PlotBm14","b","W2","W2","Herbs & Subshrubs",0
"PlotBm14","b","W2","W2","Shrubs",0
"PlotBm14","b","W2","W2","Trees",0
"PlotBm140","b","W16","W16","Herbs & Subshrubs",0
"PlotBm140","b","W16","W16","Shrubs",0
"PlotBm140","b","W16","W16","Trees",0
"PlotBm141","b","W16","W16","Herbs & Subshrubs",0
"PlotBm141","b","W16","W16","Trees",0
"PlotBm142","b","W16","W16","Herbs & Subshrubs",0
"PlotBm142","b","W16","W16","Trees",0
"PlotBm143","b","W16","W16","Herbs & Subshrubs",0
"PlotBm143","b","W16","W16","Shrubs",0
"PlotBm143","b","W16","W16","Trees",0
"PlotBm144","b","W16","W16","Herbs & Subshrubs",0
"PlotBm144","b","W16","W16","Shrubs",0
"PlotBm144","b","W16","W16","Trees",0
"PlotBm145","b","W16","W16","Herbs & Subshrubs",0
"PlotBm145","b","W16","W16","Shrubs",0
"PlotBm145","b","W16","W16","Trees",0
"PlotBm15","b","W2","W2","Herbs & Subshrubs",0
"PlotBm15","b","W2","W2","Shrubs",0
"PlotBm16","b","W2","W2","Herbs & Subshrubs",0
"PlotBm16","b","W2","W2","Shrubs",0
"PlotBm16","b","W2","W2","Trees",0
"PlotBm17","b","W2","W2","Herbs & Subshrubs",0
"PlotBm17","b","W2","W2","Trees",0
"PlotBm18","b","W2","W2","Herbs & Subshrubs",0
"PlotBm18","b","W2","W2","Shrubs",0
"PlotBm18","b","W2","W2","Trees",0
"PlotBm19","b","W2","W2","Herbs & Subshrubs",0.025
"PlotBm19","b","W2","W2","Shrubs",0
"PlotBm19","b","W2","W2","Trees",0
"PlotBm2","b","W21","W21","Herbs & Subshrubs",0
"PlotBm20","b","W2","W2","Herbs & Subshrubs",0
"PlotBm20","b","W2","W2","Shrubs",0
"PlotBm20","b","W2","W2","Trees",0
"PlotBm21","b","W2","W2","Herbs & Subshrubs",0
"PlotBm21","b","W2","W2","Shrubs",0
"PlotBm21","b","W2","W2","Trees",0
"PlotBm22","b","W2","W2","Herbs & Subshrubs",0
"PlotBm22","b","W2","W2","Shrubs",0
"PlotBm22","b","W2","W2","Trees",0
"PlotBm23","b","W2","W2","Herbs & Subshrubs",0
"PlotBm23","b","W2","W2","Shrubs",0
"PlotBm23","b","W2","W2","Trees",0
"PlotBm24","b","W2","W2","Herbs & Subshrubs",0
"PlotBm24","b","W2","W2","Shrubs",0
"PlotBm24","b","W2","W2","Trees",0
"PlotBm25","b","M24","M24","Herbs & Subshrubs",0
"PlotBm26","b","M24","M24","Herbs & Subshrubs",0
"PlotBm27","b","M24","M24","Herbs & Subshrubs",0
"PlotBm28","b","M24","M24","Herbs & Subshrubs",0.11375
"PlotBm29","b","M24","M24","Herbs & Subshrubs",0
"PlotBm3","b","W21","W21","Herbs & Subshrubs",0
"PlotBm30","b","M24","M24","Herbs & Subshrubs",0
"PlotBm31","b","M24","M24","Herbs & Subshrubs",0
"PlotBm32","b","M24","M24","Herbs & Subshrubs",0
"PlotBm33","b","M24","M24","Herbs & Subshrubs",0
"PlotBm34","b","M24","M24","Herbs & Subshrubs",0
"PlotBm35","b","M24","M24","Herbs & Subshrubs",0
"PlotBm36","b","M24","M24","Herbs & Subshrubs",0
"PlotBm37","b","W12","W12","Herbs & Subshrubs",0.0075
"PlotBm37","b","W12","W12","Trees",0
"PlotBm38","b","W12","W12","Herbs & Subshrubs",0
"PlotBm38","b","W12","W12","Trees",0
"PlotBm39","b","W12","W12","Herbs & Subshrubs",0
"PlotBm39","b","W12","W12","Trees",0
"PlotBm4","b","W21","W21","Herbs & Subshrubs",0
"PlotBm40","b","W12","W12","Herbs & Subshrubs",0
"PlotBm40","b","W12","W12","Trees",0
"PlotBm41","b","W12","W12","Herbs & Subshrubs",0
"PlotBm41","b","W12","W12","Trees",0
"PlotBm42","b","W12","W12","Herbs & Subshrubs",0
"PlotBm42","b","W12","W12","Trees",0
"PlotBm43","b","W12","W12","Herbs & Subshrubs",0
"PlotBm43","b","W12","W12","Trees",0
"PlotBm44","b","W12","W12","Herbs & Subshrubs",0
"PlotBm44","b","W12","W12","Trees",0
"PlotBm45","b","W12","W12","Herbs & Subshrubs",0
"PlotBm45","b","W12","W12","Trees",0
"PlotBm46","b","W12","W12","Herbs & Subshrubs",0
"PlotBm46","b","W12","W12","Trees",0
"PlotBm47","b","W12","W12","Herbs & Subshrubs",0
"PlotBm47","b","W12","W12","Trees",0
"PlotBm48","b","W12","W12","Herbs & Subshrubs",0
"PlotBm48","b","W12","W12","Trees",0
"PlotBm49","b","W18","W18","Herbs & Subshrubs",0
"PlotBm49","b","W18","W18","Trees",0
"PlotBm5","b","W21","W21","Herbs & Subshrubs",0
"PlotBm50","b","W18","W18","Herbs & Subshrubs",0
"PlotBm50","b","W18","W18","Trees",0
"PlotBm51","b","W18","W18","Herbs & Subshrubs",0
"PlotBm51","b","W18","W18","Shrubs",0
"PlotBm51","b","W18","W18","Trees",0
"PlotBm52","b","W18","W18","Herbs & Subshrubs",0
"PlotBm52","b","W18","W18","Shrubs",0
"PlotBm52","b","W18","W18","Trees",0
"PlotBm53","b","W18","W18","Herbs & Subshrubs",0
"PlotBm53","b","W18","W18","Trees",0
"PlotBm54","b","W18","W18","Herbs & Subshrubs",0
"PlotBm54","b","W18","W18","Trees",0
"PlotBm55","b","W18","W18","Herbs & Subshrubs",0
"PlotBm56","b","W18","W18","Herbs & Subshrubs",0
"PlotBm56","b","W18","W18","Trees",0
"PlotBm57","b","W18","W18","Herbs & Subshrubs",0
"PlotBm57","b","W18","W18","Shrubs",0
"PlotBm57","b","W18","W18","Trees",0
"PlotBm58","b","W18","W18","Herbs & Subshrubs",0
"PlotBm58","b","W18","W18","Trees",0
"PlotBm59","b","W18","W18","Herbs & Subshrubs",0
"PlotBm59","b","W18","W18","Trees",0
"PlotBm6","b","W21","W21","Herbs & Subshrubs",0
"PlotBm60","b","W18","W18","Herbs & Subshrubs",0
"PlotBm60","b","W18","W18","Trees",0
"PlotBm61","b","U17","U17","Herbs & Subshrubs",0
"PlotBm61","b","U17","U17","Shrubs",0
"PlotBm61","b","U17","U17","Trees",0
"PlotBm62","b","U17","U17","Herbs & Subshrubs",0
"PlotBm62","b","U17","U17","Shrubs",0
"PlotBm62","b","U17","U17","Trees",0
"PlotBm63","b","U17","U17","Herbs & Subshrubs",0
"PlotBm63","b","U17","U17","Shrubs",0
"PlotBm64","b","U17","U17","Herbs & Subshrubs",0
"PlotBm64","b","U17","U17","Shrubs",0
"PlotBm64","b","U17","U17","Trees",0
"PlotBm65","b","U17","U17","Herbs & Subshrubs",0
"PlotBm65","b","U17","U17","Shrubs",0
"PlotBm65","b","U17","U17","Trees",0
"PlotBm66","b","U17","U17","Herbs & Subshrubs",0
"PlotBm66","b","U17","U17","Shrubs",0
"PlotBm66","b","U17","U17","Trees",0
"PlotBm67","b","U16","U16","Herbs & Subshrubs",0
"PlotBm67","b","U16","U16","Shrubs",0
"PlotBm67","b","U16","U16","Trees",0
"PlotBm68","b","U16","U16","Herbs & Subshrubs",0
"PlotBm69","b","U16","U16","Herbs & Subshrubs",0
"PlotBm69","b","U16","U16","Trees",0
"PlotBm7","b","W21","W21","Herbs & Subshrubs",0
"PlotBm70","b","U16","U16","Herbs & Subshrubs",0.00125
"PlotBm70","b","U16","U16","Shrubs",0
"PlotBm70","b","U16","U16","Trees",0
"PlotBm71","b","U16","U16","Herbs & Subshrubs",0
"PlotBm72","b","U16","U16","Herbs & Subshrubs",0
"PlotBm72","b","U16","U16","Trees",0
"PlotBm73","b","U17","U17","Herbs & Subshrubs",0
"PlotBm74","b","U17","U17","Herbs & Subshrubs",0
"PlotBm75","b","U17","U17","Herbs & Subshrubs",0.0075
"PlotBm76","b","U17","U17","Herbs & Subshrubs",0.00125
"PlotBm77","b","U17","U17","Herbs & Subshrubs",0
"PlotBm78","b","U17","U17","Herbs & Subshrubs",0
"PlotBm79","b","U16","U16","Herbs & Subshrubs",0
"PlotBm79","b","U16","U16","Shrubs",0
"PlotBm8","b","W21","W21","Herbs & Subshrubs",0
"PlotBm80","b","U16","U16","Herbs & Subshrubs",0.005
"PlotBm80","b","U16","U16","Shrubs",0
"PlotBm81","b","U16","U16","Herbs & Subshrubs",0
"PlotBm81","b","U16","U16","Trees",0
"PlotBm82","b","U16","U16","Herbs & Subshrubs",0
"PlotBm82","b","U16","U16","Trees",0
"PlotBm83","b","U16","U16","Herbs & Subshrubs",0
"PlotBm83","b","U16","U16","Shrubs",0
"PlotBm83","b","U16","U16","Trees",0
"PlotBm84","b","U16","U16","Herbs & Subshrubs",0.02875
"PlotBm85","b","U4","U4","Herbs & Subshrubs",0
"PlotBm86","b","U4","U4","Herbs & Subshrubs",0
"PlotBm87","b","U4","U4","Herbs & Subshrubs",0
"PlotBm88","b","U4","U4","Herbs & Subshrubs",0
"PlotBm89","b","U4","U4","Herbs & Subshrubs",0
"PlotBm9","b","W21","W21","Herbs & Subshrubs",0
"PlotBm90","b","U4","U4","Herbs & Subshrubs",0
"PlotBm91","b","U4","U4","Herbs & Subshrubs",0
"PlotBm92","b","U4","U4","Herbs & Subshrubs",0
"PlotBm93","b","U4","U4","Herbs & Subshrubs",0
"PlotBm94","b","U4","U4","Herbs & Subshrubs",0
"PlotBm95","b","U4","U4","Herbs & Subshrubs",0
"PlotBm96","b","U4","U4","Herbs & Subshrubs",0.00125
"PlotBm97","b","W17","W17","Herbs & Subshrubs",0
"PlotBm97","b","W17","W17","Trees",0
"PlotBm98","b","W17","W17","Herbs & Subshrubs",0.01
"PlotBm98","b","W17","W17","Trees",0
"PlotBm99","b","W17","W17","Herbs & Subshrubs",0
"PlotBm99","b","W17","W17","Shrubs",0
"PlotBm99","b","W17","W17","Trees",0
